ffmc,pred_xgb,pred_ann,pred_svm
75.8159242651498,75.893654,75.346855,69.4746857893815
84.7846164246852,84.3534,84.1945,84.3085752208837
83.212599535496,83.63062,84.04339,83.8851407561094
79.1094085809556,79.1331,79.2748,79.3761136542363
59.1565280967509,59.381744,59.8112,62.1592866169976
67.4841185831922,67.50382,67.6251,64.1024565772247
80.9919390370557,81.140656,80.41044,78.1203208017587
86.6126146304213,86.67271,87.11536,86.9895695249688
56.0955400298371,55.94812,57.17412,58.2045457279096
83.7845575446309,83.95347,85.54185,84.4957084277829
83.1211835598096,83.07676,82.9384,82.6321680154463
88.4174350037621,88.4187,88.470146,87.7477391429592
82.066906209455,82.06187,81.614395,82.7514109351289
85.5568623029794,85.83133,85.96092,86.326676026236
63.7085711932595,63.780666,65.05059,59.0961208220453
84.4228210337844,84.253456,84.10849,84.1681670211976
83.4814466693349,83.335045,83.225845,81.9536866902473
79.1215187907847,79.24638,79.98377,78.8258192095802
80.7517893232766,80.46596,80.51182,78.9351059641366
64.1133845077009,64.17951,65.39283,64.7460496152095
82.9874024529545,83.1271,82.89024,81.7813430262495
83.3240304877563,83.04973,82.8697,81.9578618908264
83.3719456302003,83.171326,83.040405,82.6478865649865
62.4742443109758,62.486618,64.7179,70.5709708601005
62.2268772871988,62.80708,62.888763,65.0051931523789
70.429103435688,70.40562,70.32555,75.279326709565
70.6613861597962,70.72541,70.89031,77.4049455558252
83.4533032372244,83.470375,82.77693,82.6054828380015
81.8312195020442,81.860405,82.34118,81.1768298020032
80.3812229622422,80.67803,80.657486,77.745716612406
82.8485230655453,82.970985,83.78461,84.1222778233681
85.9756975006679,86.050476,86.344795,86.1916689678859
74.5039300939792,74.101654,75.00797,78.0769069912787
83.2071261379938,83.28284,83.62949,83.1449997081357
82.2931186154074,82.83922,83.13299,83.1625993058098
80.7267625895327,80.65391,80.75358,79.7543037436692
85.0854842174851,84.97417,84.471176,84.6114318071555
64.329157797134,64.236664,65.07627,64.7135872212154
60.592194829118,60.51182,61.47613,67.1439454528551
62.0378363880482,62.283943,62.72208,67.3083652474266
49.9296397071082,49.817066,51.412838,55.7699975072191
57.1855655653301,57.412373,58.574688,52.6675173435172
66.3105320711896,66.05604,66.63866,71.6258242478422
79.9816582173961,79.575096,79.15858,79.3330585708827
81.7809770410897,81.96823,81.91949,81.9934207360062
80.9418008955299,80.939835,80.68868,79.7376693382245
71.189820094648,71.09282,71.628235,71.3554051774563
59.0468577063554,59.142937,59.90957,62.9914718013365
63.3102701032495,63.480255,64.49039,60.4756547194719
81.7811220978616,81.54306,81.82658,81.0145196364665
84.6094352839031,84.60957,84.44868,85.0812962080299
82.4774638959553,82.67004,82.74694,82.3810605489832
81.5530929988608,81.57945,81.27668,81.03678126934
57.6460115188111,57.541973,59.197956,63.2754672805018
66.0087424024636,65.94668,66.50489,69.8269926219699
61.2295386452298,61.28388,61.566883,54.9296438838947
66.3049075040205,66.52091,68.23295,73.3128116288091
66.7978832215245,66.87993,66.87066,74.384249069273
83.4258044905614,83.25925,83.16637,82.183405615381
78.484594388063,78.4765,77.98842,76.4912731091341
57.1946251383205,57.06454,58.56365,59.4536422960769
64.3040155603026,64.40663,64.96463,68.6690733714251
76.0998221637552,75.97356,76.19373,75.5572496117906
85.9051163665887,85.71355,85.59016,84.8473071506986
66.6250354035304,66.74532,66.88632,64.6365229490296
83.4509536592567,83.193634,82.13719,79.4862392914069
85.2522526060196,85.09919,84.02953,83.1474973799063
82.388828039571,82.575905,82.804924,82.6857353572224
81.3596214587597,81.4777,80.734474,81.6914369583099
85.1583122413165,85.11379,84.9211,84.0918522913843
59.5830052125007,59.081978,60.6182,64.8592380450285
60.4074070010572,60.292957,59.26436,67.0360017190421
86.8413502458055,86.67604,86.18792,85.682177341115
82.0843430515594,82.496994,82.05672,81.8800430823956
57.4830080111499,58.00543,58.740368,61.921940740905
80.8859973320907,81.45968,81.36689,78.5912913281927
84.1052678988879,84.073814,83.4296,81.3560692852141
85.7725450418494,85.59289,85.44306,85.6268655394866
74.0157563044766,74.03189,74.549484,75.4199291733228
67.2703986184376,67.02289,67.94317,65.9078840424537
79.1582227649564,79.30239,78.93409,79.6156626142042
73.3624996744253,73.25409,72.49044,74.9117973490752
84.7056681208347,84.56223,84.37849,83.7389110801338
52.1104367840321,51.951466,52.374752,51.7788237183655
84.0087716963418,84.28144,84.8353,84.0972698184901
80.2142223140083,79.98953,80.270645,79.8583336225493
80.3033749182777,80.425354,79.60722,76.1553469964427
64.3252992618512,64.418106,65.59605,60.4907558662487
85.8621197331544,85.913216,86.41252,85.7696693521002
85.3192659537932,85.000656,84.97309,84.793332155134
84.0877508967557,84.383385,84.72355,83.3204573241412
77.7571073506271,78.002396,79.61765,75.848875960106
75.9319184425523,75.79533,76.712685,80.0163924978484
78.7983801277516,78.57646,78.34374,80.9488344854432
65.1417916772506,64.96708,66.00581,72.6803851150986
82.9680074134562,82.758194,80.258385,73.6052784035333
82.1269270563326,82.27879,83.330696,82.9170815188464
85.701009254287,85.55531,86.095695,85.9507765197684
64.048401920855,63.85328,65.19405,60.887934763979
61.8228472036368,61.759357,64.186905,69.8951091097809
82.3085526407274,82.92105,83.17348,82.9821236120105
73.2635685186206,73.606926,73.643166,71.1174098176347
84.378481638285,84.741585,85.079094,85.0896345474941
56.4468151448872,56.654873,56.40064,56.8789525180327
85.6597282215708,85.40367,84.942406,84.5432126067897
83.9008527571317,83.805565,83.923164,83.3013840187067
59.051892288827,59.008797,60.019497,53.9625768314442
85.5691890126093,85.39802,84.06359,84.1232632825144
76.1407306350443,76.531456,75.393585,81.1697293013303
84.2945116601659,84.15388,84.25277,83.0293717463351
83.4690145152458,83.5219,83.898056,84.1833821445723
79.6714478538833,79.893295,79.22334,79.3145833371797
85.6051684156029,85.600845,85.91165,85.0879323219928
60.6460159562257,60.535183,61.757618,65.8827719070811
71.1772121423255,71.25678,71.09199,73.077473132333
66.2597149278498,66.020744,67.59359,62.8654309371506
83.8694698044027,84.08008,84.3938,83.420565541694
76.9107093104434,76.97465,78.06796,76.2749290217693
66.4714824955357,66.33987,66.83398,66.507413635622
61.0111751587097,60.908836,62.516293,60.2214686589337
65.7006646580249,65.61172,66.534935,71.591953914662
62.3019692904394,62.07425,62.83831,60.6744163550206
80.9865533042954,80.806,80.72982,78.8359266205673
83.4920661635909,83.14152,82.44216,83.601105113292
77.9705530535223,78.24851,77.97933,78.9855822939612
85.5000656558297,85.781204,86.55428,86.5147287046608
81.2602743237846,81.67612,81.69957,82.2898301865993
70.5394889155084,70.55296,71.47099,73.5985827566748
84.4408200318583,84.35258,83.9054,83.8356010334096
82.5237243018245,82.67977,82.211044,82.4767497295075
80.5445644724647,80.39291,80.25353,80.3586872946088
85.4035359287308,85.46694,85.740326,85.1396444875426
86.9654053232769,86.803986,86.7638,85.878328580032
72.1174231534148,71.88483,72.69486,74.9361766289091
71.99361011477,72.17544,71.44047,74.5896383160124
84.0343191784739,83.860565,83.087944,82.2150094344614
81.5511513425939,81.62213,81.81631,80.7823011377885
56.9942257883667,56.968403,57.882923,56.7326429145786
83.8729325132747,83.92076,84.99656,83.7897336384062
50.2485667103278,50.314804,54.98898,63.0168411772857
55.13474432112,55.418087,56.44241,62.4700454624268
75.718819855348,75.786995,77.49456,73.6183074229218
86.5673859879917,86.48371,86.623985,85.9524540304492
74.5805964695195,74.627594,74.43223,75.955517578265
52.3437907036954,52.119846,52.86993,53.893971739648
82.1881022660627,82.01557,82.729965,82.6713675681468
66.8983783747623,66.635254,66.84441,69.2655224486552
78.5651713325637,78.48452,78.69147,80.4893314899813
60.2850755763933,60.17729,61.11539,55.6569799416034
83.1355386653516,83.09917,82.296074,81.7696377478273
85.3932534148186,85.481606,86.12524,85.9654312288957
85.1368854854619,85.26495,85.04603,85.3957618055843
60.5941848028692,60.561047,59.418697,66.5247597908657
77.489685373219,77.45847,79.56048,85.088109626441
79.0404596944112,79.032455,78.832535,78.3163521589244
72.1690622316624,72.441376,71.96724,74.0406208044083
87.214050115643,87.22956,87.30985,87.230000716918
56.7247979089806,56.507107,57.74715,57.8461334831649
66.048783688098,65.97784,66.5196,61.0129948665908
50.1349714121587,50.21088,53.329533,60.6491257396462
79.3149068888617,79.27735,79.84892,78.6855646064583
86.7586610606791,86.64942,86.4994,85.7674942629995
81.5067201173614,81.328766,81.88735,79.2639068260947
83.1306105013049,83.39804,83.414375,83.1542449486853
84.5856724827257,85.12146,85.52454,85.0957258442088
81.2490528266578,81.274414,81.46858,83.6205428667745
61.7215027286237,61.44522,62.921177,63.8741558152929
80.7520526624573,80.957,81.20377,81.3763263234814
64.828766971742,64.71867,65.497765,67.4110173420763
84.1005523515218,84.16118,84.19188,83.5215301802149
67.1126672202717,66.974625,67.363205,64.1134400224182
84.8511342321437,84.548195,83.90449,82.7859768741412
71.1285190802759,71.13872,71.34756,74.372218051265
56.347125152238,55.8581,57.130863,54.9131426593773
80.6176973176294,80.368546,81.04644,81.305361230055
62.2662856179325,61.98859,63.863934,64.9523301444925
84.945377945799,84.94133,85.51622,83.1046237529093
64.0312012717204,64.02807,64.65671,55.3038533693194
79.7169592885613,80.212006,79.906906,78.604963527432
84.6240659308767,84.94601,85.1135,85.1782258930319
86.4183407535735,86.21692,86.04081,85.5070099653036
78.5498558222415,78.658035,78.58588,77.0034221218553
78.0284605596808,77.99546,77.82156,75.7062401365193
81.9226673132696,81.999794,81.890495,81.4977531722695
70.1559352852212,70.204216,69.9221,78.0371358107726
77.1938146555394,77.13419,78.21147,80.5850045390751
82.3999784594428,82.329094,82.97408,82.727684944676
60.4799402447607,60.382904,61.623135,62.2910225811742
84.4037789756924,84.50437,85.80774,85.3105497112177
67.1210423415229,67.10608,67.77484,72.3197254364429
62.3277571516214,62.34769,63.408024,56.3865396306077
79.6090987703902,79.78422,81.0996,75.9498985067223
82.6348641800485,82.656715,81.952614,82.1687652396289
72.4706262638871,72.457596,74.45209,80.3983392328123
74.4116208406851,74.53715,74.32491,77.7022615936984
68.9968936450428,68.882454,69.36852,76.2667009975232
85.1313363989323,85.23434,84.971306,84.8935658443625
63.5268930431836,63.781456,64.43422,67.2290095572288
83.4733284311249,83.32762,83.34818,82.2483784403323
78.0600639143467,78.09889,78.57425,80.6221578517548
84.4515595866274,84.41999,84.41697,83.9267783293712
78.0421464890993,78.02013,78.93852,77.7021123112384
83.8805112112336,83.67994,83.560814,82.8862893421542
83.2843230355559,83.08118,83.84153,85.0166731246696
78.5873303180904,78.72974,78.68833,80.6027307168087
66.2708536154677,65.7994,67.04613,66.2778398409872
60.1096183202586,60.248653,60.816628,64.4547799209625
61.8272470019477,61.820923,62.41009,61.5885893945414
80.4236865759638,80.23139,80.57838,79.0365581666385
55.8139190170072,55.903805,58.257244,63.3114635218354
84.2613248739597,84.37119,84.625725,83.1766768405469
65.786879638526,65.71114,66.52309,64.0868214953072
44.9267673268867,45.142914,50.569252,51.7063352053696
83.4028312257684,84.10345,84.11025,83.6163689620932
74.319308257611,74.43415,73.25886,79.3856152081142
82.2397904964606,82.22446,82.050514,82.2134418677397
86.407055234799,86.19008,85.272606,83.6737731362434
69.6415946975876,69.11349,69.85556,75.63462554686
60.0649598228437,60.222538,60.98518,56.0447823738108
82.9619614499318,82.995964,82.82767,81.686997543916
81.9284513760119,81.74673,82.435974,81.0548326958411
70.171572814199,70.069,70.2787,69.4194777362715
79.4201546971821,79.25224,79.02206,77.9829427559847
84.4337079892405,84.076614,83.762314,83.8664430767789
80.9511511397275,80.88977,81.744095,81.6320901758121
82.6105608685676,83.0894,83.191124,83.400833170529
51.6013675189799,51.679123,54.68248,57.7160107961158
79.7774359982498,79.91526,79.13491,74.1470214330837
64.4665634897344,64.349785,64.95852,61.0246727975359
68.9521692343183,68.70665,69.654144,73.0158045727198
79.6947666347839,79.69493,79.859825,77.1810474513791
66.8541817384438,66.79175,67.76261,64.4680104788537
84.4691779394321,84.27978,84.42702,84.1918523146695
61.5474229606574,61.420135,62.504837,54.547635066907
78.3682288980576,78.53372,79.07453,79.0512438019613
86.3844517736921,86.608475,87.09184,86.9076664512425
66.7005780574857,66.51777,67.776634,72.5685307597094
83.1697138897139,83.2517,83.971466,81.9838370512519
77.2001055367064,77.15484,77.69561,76.0758879432836
82.0758702878407,82.10971,81.67178,81.2564532176295
79.9157671556835,79.68267,79.81594,78.9706067133614
73.7707774465125,73.83522,73.9,70.7472381527433
76.6597804980902,76.73108,76.35746,75.4190170834811
58.7068313966227,59.136684,59.22494,59.6321328861838
83.7728878374475,84.02782,84.00205,83.391850328775
83.9876883717742,83.47596,83.563484,82.7990506412339
83.5672881898907,83.97138,84.381294,83.6903785083131
74.2538585516864,74.23617,74.22822,78.1726509115512
85.054883089492,84.84931,84.47703,84.8464414172522
66.131779730185,66.10095,66.613,60.5947783231496
66.1882162213882,66.1194,66.35198,68.3207026233388
78.3571185652721,78.1533,78.60418,76.2352723887036
78.6212994685953,78.767365,78.28987,78.8932656595661
79.0128073434891,79.08157,79.0881,80.6974145777679
86.8256360367683,86.56467,86.58146,85.4206238560293
86.7433440022188,86.80659,86.268295,86.2543725882088
74.3376622997325,74.759155,74.40252,75.8372973432925
64.2591463810506,64.230194,65.24736,63.7877165942961
85.0329476832814,84.85405,84.22816,85.0418781040399
79.7745657711715,79.78089,80.305534,78.1535024792755
84.4951589102368,84.28386,83.08942,83.1999196314952
84.7010408197663,84.56193,84.60381,83.9098107250222
63.5215257919274,63.488956,64.464355,64.0630992564213
77.6895245531931,77.77044,79.04486,77.3601963881068
79.4328135432783,79.24928,78.022385,76.4093044792823
83.9602940079562,83.80889,83.696815,83.1007021528347
84.5826637511423,84.48242,84.3765,82.1700798306713
65.8808020522089,65.28884,66.84934,70.4215361786463
85.9076142413547,85.67688,85.39921,86.2031171937564
64.6799452757755,64.69428,65.19959,67.4714160508026
58.7112569295364,58.69423,58.219303,58.2448899885861
60.9510203636394,60.890453,61.369534,63.851174679185
86.1428138216052,85.808174,85.739525,86.4566832949805
54.6844355906591,54.793415,55.22942,54.6498772189888
83.7853276931716,83.77023,83.276695,82.2945685918517
79.5761885597473,79.366684,79.67736,77.9685823106448
86.37746589685,86.45292,87.15766,86.8862594298121
78.1896574956667,78.36336,78.42246,77.6800970317227
58.2688360632843,58.203503,58.205387,66.4658205525043
84.6867277948749,84.62549,84.140816,84.6152680878218
68.5425847367925,68.44495,69.05143,70.5799909064475
86.2073114728439,86.09957,85.581825,86.1426052866293
84.5999131254108,84.42481,84.332924,84.4903826680704
82.3254806955784,82.836555,82.8852,82.399103995075
55.0458430071191,54.80441,56.397114,53.1380824310129
69.8285445088214,69.79633,70.230156,71.9098897156611
87.0984322861944,86.91553,87.03446,85.4246859903349
79.0990398047882,78.942566,78.781906,77.9985174403524
84.0445909221534,84.39918,84.8265,84.0723241784121
81.4214238931631,81.3056,81.00927,80.5726537827462
82.7647536791885,82.5024,80.027954,75.9840856690929
73.7453819912425,73.59657,73.64849,77.8648216823917
83.1742693108488,83.21642,83.26641,82.0129966649237
63.0717860341581,63.341595,64.2221,64.1807435077295
79.2866705828627,79.16311,79.96616,78.7815028640139
61.5275562303807,61.450935,61.7355,64.5970290875881
66.9068533723922,66.58984,67.560814,61.9973342249178
83.1221439786487,83.273544,82.97152,81.1614504546731
77.2400584344292,77.12078,77.50503,79.245550428705
59.9927382745975,60.29635,63.96741,70.9494700728998
74.2539718433509,74.594826,74.09051,76.4965335766277
87.3128238744854,86.84969,86.48176,86.9589215988205
68.7160040447827,68.41798,69.484436,74.2105466253706
72.9858903802727,72.531,72.953926,78.2669043778862
80.3562799549414,80.39858,80.61486,80.9159383360866
82.2562598904858,82.55995,83.19575,80.9818214990719
59.3047412267943,58.910347,59.743435,55.9978226210005
82.9221887573366,83.2918,83.94473,83.5226556522069
84.5153815167026,84.41627,83.64902,84.0127164125645
82.0228704513747,81.96583,81.91715,81.6028989284612
67.8152352550464,67.94454,68.63831,69.1104380740981
76.6669176202332,76.80529,77.10444,79.1113904660455
61.537628598085,61.591972,63.07022,67.4544234496176
82.747649217018,82.97857,82.34194,82.0290257838829
64.1198000489688,64.1499,65.003105,71.2519446809436
80.7960878701817,81.29458,80.13915,79.6658229514549
80.3949225578497,80.28116,82.337654,80.9092307516974
83.2712153455423,83.55936,83.277504,82.581386024516
57.7559729132576,57.824436,59.41673,62.8314638132376
81.8648167767967,81.84093,81.91085,78.765127729989
67.3842377850025,67.31537,67.90759,70.8754700102613
56.9688064532516,56.850983,58.498516,58.5861281216421
83.4257017472142,83.82076,84.47498,83.6676355214192
85.6834932503977,85.34355,85.368675,85.2582052141402
84.2838409245407,83.799774,83.8301,83.4232544137386
60.3302491642885,60.31715,60.634327,60.0618906098258
64.3368728170691,64.31193,65.17274,56.0342513117392
86.8713407994721,86.73662,86.66418,85.7856065906978
81.1077728011625,81.23087,81.57734,81.6960783436892
63.6281105785576,63.6656,64.4154,64.3192008657635
67.9306410120749,67.96136,69.95751,73.6504809183929
58.754866390399,58.724957,59.082832,58.2679211671957
60.1645678649952,60.16318,59.05395,63.1006992576314
62.54214726738,62.56529,62.49552,61.3115078646442
86.272019161257,85.94848,84.93792,85.0616181447652
67.9048227520092,67.7806,67.59334,67.3015750316146
56.5624601297365,56.55241,60.87725,66.9152351018064
71.581546028255,71.23585,71.900764,75.7530215576878
86.6034015727435,86.540955,86.133675,85.9520550144203
54.4891712925504,54.66196,58.086636,61.0296253044839
85.1386827037077,84.86184,84.42962,81.6428686396824
80.0635438923206,80.2015,80.76791,81.2333910285357
84.1358868796919,84.02337,83.8323,84.7924817055192
58.5429051280283,58.31596,58.821323,63.636686921884
85.5777063090163,85.74678,86.091896,85.6711866685853
68.2024785600048,68.23246,68.71665,74.0368095848513
83.8316147030939,83.90503,83.12994,84.6016126159881
83.3955896250221,83.585976,83.54929,82.1151165246542
84.4730592858886,84.49579,84.055855,83.5496324352314
61.6849682288494,61.72218,63.03576,58.2828870958097
85.8491777815452,85.45757,85.34322,84.5142053150873
84.3833897480274,84.29879,83.845535,83.2972302294988
82.4001701209458,82.19116,83.59374,82.9939911875039
65.2559479768812,65.245,66.038666,71.3472698757287
59.9081614376039,59.89305,61.43707,65.047618731205
75.7080606608983,75.57798,74.4688,79.5860536353766
85.7164154281116,85.54053,85.50057,84.128409913805
79.3504319227734,79.587555,78.80587,75.1548182867617
78.7126241355906,79.14894,79.600426,79.5990578101639
83.397841128493,83.7937,84.12361,83.3950860597378
62.5741753973207,62.668274,62.870785,55.6223001430456
82.1759801295143,82.4263,82.31963,81.4716014165684
77.9102148178305,78.03297,76.741745,75.5722917919728
53.7536747824176,53.71681,58.04907,52.9000413421852
58.4678742812069,58.23829,59.003277,54.2377237984652
83.3230784853896,83.52399,83.06385,82.3955464980644
82.9123874334086,83.14343,83.643814,83.3964589441329
83.1811022459054,83.05373,82.76806,82.6837687529023
83.9077104831732,84.048836,83.62003,82.9307011021591
59.246415981345,59.461025,60.33757,56.7430033102789
85.5101092259846,85.52314,86.11054,85.5377828493642
65.0484740446212,65.020775,66.28536,70.6931953804632
55.4857416524097,55.457287,59.298374,61.4091081179649
79.2812464984446,79.219574,79.40089,78.2198085762075
83.6285461606585,84.09483,84.48585,84.1617804643756
56.1686643267789,56.278984,56.966557,53.0366340585414
80.8657285207931,80.625946,81.67553,78.6851751538466
77.2464272882601,77.360565,76.74933,72.053963361026
84.0508826190855,83.735916,83.81092,83.8018403180244
77.2543686866,77.184814,77.521126,78.1776553489587
84.4498778303183,84.582954,85.043205,84.0908433500057
73.7556431303056,73.74731,73.63114,77.125522230464
53.3455917903685,53.534508,56.672962,55.1397812207928
82.8514768632574,83.38394,83.36576,83.2860481000786
84.2602446421316,83.82644,83.746315,83.5601599232141
80.1035359630469,80.18659,80.39477,80.1624703326322
65.6947346026564,65.808525,66.83072,61.5988763156807
77.3380114759686,77.469955,76.81498,79.0428794198535
81.4614303963631,81.259514,80.92472,80.2998915583447
78.8509140792614,78.96626,79.994865,77.3864152770825
63.0097111934994,63.08392,64.04106,63.7585675184902
65.5311705185797,65.68353,66.53308,68.4564286173056
82.9572147012073,82.99252,82.20597,80.3348692969555
76.7869367437519,76.53687,76.68284,76.4255547065032
64.8557212798416,65.04194,65.51745,67.0186185907886
78.5869321441741,78.41647,78.64456,75.3735854468713
83.1001688195338,83.02392,83.33639,83.0379811781624
84.5039073832295,84.56547,84.89263,84.6382949028245
67.9259553230941,67.929436,68.44019,71.3583343037349
58.9650454177231,58.965927,59.695934,57.5488114396044
81.6763030793147,81.59289,81.74112,81.0283342651816
74.2090901012958,74.17159,73.400764,69.1538968650108
84.9912169227732,84.90422,84.431496,84.0610572041484
73.7252352838139,74.01649,73.40514,79.1528486984937
60.5396445060439,60.439377,62.01423,64.586949408782
81.4484027035062,81.70892,81.48688,81.817113991918
62.3456499349377,62.271027,62.023685,71.3355049533625
54.3779295601148,54.42268,58.206127,63.1607729159849
85.3596200513726,85.17699,85.09824,84.402277845538
64.5339542826387,64.63608,65.34475,66.7358065964791
81.93063963092,82.046265,82.707535,82.2986705684286
83.3655975252364,83.828354,84.23846,83.0455632979532
83.6923295944766,83.75332,83.77206,83.2282430802502
84.7246605198814,84.57723,84.58614,84.8037668288979
74.3593989224637,74.41044,74.35775,75.1346106711515
65.9363947073104,66.32194,67.10496,72.5276182148186
69.4110536550996,69.10532,68.6807,74.5025470842065
82.3414699169977,82.552574,83.28926,83.9280236803871
84.5406561040335,84.41798,84.14395,84.7345395800563
67.3993657849425,67.507034,68.03196,67.304600188824
77.1011359302084,77.061066,78.0544,79.0274667499798
83.6859714079276,83.67726,83.883965,83.1811062803619
83.4499196555321,83.415276,83.278496,82.806514390581
64.6050271781962,64.73218,66.12257,66.2170056024874
82.4474531970165,82.56922,82.52201,82.9888764275691
83.0958381001201,83.52173,83.88955,83.6349800380283
79.888319562234,79.85111,79.66878,80.6625689289032
73.3409653681318,73.52387,73.80106,73.1432001880385
66.548471801381,66.81464,67.60288,71.657431687238
62.0258864526065,62.190426,63.216396,64.2416545955603
77.4456810060077,77.36134,77.12328,74.5615809818238
60.7571390714536,60.654144,61.520237,57.4301777983442
48.6420876389713,48.744186,49.270836,53.0025433131601
61.1146191099827,60.928432,61.505745,66.1792860155905
78.7775877441805,78.97965,79.058556,81.6048859763545
86.1615034402363,86.23392,86.16093,86.2694922645949
81.6925411314974,81.218025,79.45582,77.6901124523642
63.7805291472479,63.56083,64.66462,64.8269864455018
84.3861918615349,84.69668,85.28414,85.0900336027842
80.3686555212692,80.3688,81.02106,79.6714065731781
83.4695904769989,83.41297,83.305565,83.0727933158284
84.9509514939815,84.90524,84.6412,84.6038340270125
85.6182190880337,85.86132,86.067665,86.6917790476935
66.544652021804,66.79339,66.39356,71.3246053922949
85.0472956089819,84.97737,84.29584,85.1931952583083
78.82876449382,79.00954,78.755775,76.8166013516388
83.9266177393079,83.79681,83.908745,84.2660500900663
81.3105800387714,81.29982,81.326706,80.1197251087194
84.3812433861304,84.33569,84.475914,83.6680554775555
75.9995772657818,76.167175,75.484184,81.6126583559554
55.0161434019397,55.001743,55.68252,55.8414104497697
53.8738116798426,54.016342,55.163364,63.5629097709233
63.5000096626548,63.51112,64.814735,68.3900978987701
77.194407702295,77.488686,78.64269,78.8968520773645
61.0079697038335,61.1648,61.891766,66.4994464150456
74.6473478767516,75.00977,75.297585,75.3059135360013
82.3916589126486,82.5902,83.005806,81.2195239132773
79.4086077581291,79.65571,79.26241,79.0834841188458
85.1364093248675,85.32405,85.29644,84.4624967292814
84.3327814772117,84.60474,84.27038,84.4736897810714
73.5884085598715,73.48211,74.211555,74.1411344653783
85.743915649629,85.89393,85.59991,85.562742236336
84.5407741023576,84.96892,85.46281,84.9520388594724
49.1525332814157,49.129414,52.9985,58.0061923882051
70.3765227223882,70.20701,70.473274,74.8186770363101
78.461056249061,78.61468,78.61176,74.3896342833699
52.2333245642643,52.288937,55.36323,50.8537047532703
66.0637137209282,66.352844,66.99349,71.8152802528602
62.3928126633824,62.782,63.042713,62.3498514169842
77.6638909057762,77.652534,78.56649,75.8296345931976
80.617165303139,80.79211,82.589836,82.9479048859816
79.6187662126212,79.67151,80.14305,76.0354216121487
71.1319846657682,71.07941,72.34174,76.6626660900223
85.8354809002748,85.64254,85.31629,85.2475776444686
63.5062685804884,63.607056,64.96526,70.0553458645247
69.7772103463601,69.551636,69.594536,71.8267852732449
81.9355978918401,82.066124,81.98623,81.22135878105
72.1532262629964,72.305176,71.86024,79.3659997672748
69.0417528164532,68.84496,68.90818,75.3829014811558
64.8754662716091,64.82042,65.52277,62.0068050280486
60.1328646645559,60.131313,61.926113,66.5764525497249
84.3977787205271,84.32784,84.29164,82.9627437402304
63.1928684703694,62.769157,61.931347,68.3531263006644
82.9746476515295,83.28647,83.51861,83.7974875055224
61.7215947683197,61.87216,61.75346,67.6494840947659
81.516871196693,81.56394,81.345695,81.0800399182229
77.5442904108108,77.87228,77.33489,79.4303697437919
82.1061799243153,81.7777,81.42433,78.2861873353814
52.3688684865901,52.04187,52.067852,57.1539925560794
64.2982590161584,64.17327,64.9919,61.3162485438725
88.5470023063348,88.31013,88.984055,87.313733794661
56.0361129236826,55.483376,57.77634,51.2019559160596
63.9978738743081,63.992,65.40509,67.5449277430946
84.0949010216312,84.02887,83.258125,83.4774319214303
83.9025110309221,83.8262,83.08352,83.0832243189302
69.5466230769978,69.58806,69.89301,71.2324386416119
83.6882078330782,83.36554,83.20332,82.7201711167921
64.8351292593106,64.80107,65.484085,66.3367449876787
83.9682554674771,83.64345,83.36707,82.2176652745607
61.6432641730357,61.55573,62.153065,59.7658671826641
84.2034917275189,84.105095,84.24974,83.8048780884531
72.4514801055586,72.68517,73.04776,74.5000658720036
67.0788205615565,67.04909,68.06322,72.5765599987914
61.812978292866,61.792892,60.72764,71.0622661537825
82.0539820357093,82.05645,82.374405,80.6495924417642
83.4040572906996,83.5365,83.63123,83.369980303718
63.672559154823,63.763424,65.57157,71.1552064772513
81.9651457599803,82.243866,82.05528,80.2077807524545
73.0994737850549,72.75528,73.478325,70.5402946105969
84.463463147047,84.24245,83.89472,83.205427941811
55.7133087438776,55.723152,57.29302,58.9776670189365
81.5156962381721,81.71331,82.449844,80.9860809967171
82.3486965725837,82.84946,82.74891,82.2561683543196
64.7938907938083,64.96732,65.779854,71.4203165331794
78.8414892768063,78.737274,79.43373,78.7116137314104
75.3243829814804,75.469505,76.075325,77.3447466790211
85.2839784000977,85.19904,85.46766,85.2109382038175
83.9800152258409,84.256966,84.79887,83.8478835224645
80.5933168899987,80.379074,80.5206,81.2630964987995
61.4807846643028,61.632576,62.856354,66.8329704428136
63.4635807248801,62.963886,63.22183,68.1242601183794
79.4743114932737,79.50392,79.48609,77.010111732218
84.1578857769842,84.326454,84.79896,84.1207707503635
82.7662414572837,82.79561,82.25449,82.3956035310002
59.9528068140009,59.819553,60.730812,63.4370232140278
64.448873157978,64.52807,66.23756,68.8471192854111
85.3050348791462,85.3955,85.34333,85.1742807623483
84.9920652452574,85.232635,85.82206,84.4592987690845
82.2193714407506,82.68316,82.292145,81.9968750908486
62.6833814176613,62.826366,64.8327,62.4392759549718
83.7703895359983,83.4395,83.398674,83.0182382603093
63.4501109074152,63.76133,64.11047,70.4243731526573
62.7961494407299,62.71766,63.523785,60.9301665282878
59.4407396153067,59.41612,59.843067,56.0075933936878
83.2769849843695,83.31868,83.402794,83.8546463365318
83.3559504669532,83.478386,83.7398,82.2419305605002
81.9024086074719,82.202835,84.05099,83.8010624303622
86.5178136481036,86.70398,87.253426,86.6615810923674
80.7499279206476,80.9019,81.20092,81.5145137938842
82.5736588416439,82.182205,82.57618,82.4876970615883
64.8346532790116,65.31832,65.147316,59.3582838819646
58.5390795581175,58.611786,58.47403,58.9124753495627
82.4794025206233,82.45553,82.18094,82.4331102490871
83.8229746536679,84.25339,84.50355,83.6088658708139
84.3542862306854,84.680214,84.82467,84.5861198454348
61.5370748118721,61.45184,62.155453,51.6542000875945
83.2224472965087,83.29382,82.9153,83.1512673344028
54.8205752038665,55.116154,55.85748,57.5419842962572
84.3176276603739,83.95236,83.408485,83.9334885152002
85.6975314535234,85.61096,85.89214,85.9130056031894
75.0695859358179,75.17725,73.98855,71.5330998904073
62.0947926074849,62.233456,62.949467,73.4235643844409
61.2506339775818,61.37479,62.35602,66.3797391008238
74.6094976040461,74.628716,73.61229,72.6285628832486
82.9571450197508,82.820694,82.87671,81.8286351653718
57.4123527718069,57.40455,58.77267,57.3730857050155
66.4348393166869,65.82812,66.917946,66.8937831993862
62.4886466435277,62.25591,63.238064,61.0226929177034
60.5105307023006,60.711678,60.530064,60.3263087144267
70.7669776429431,71.27882,71.01502,76.0345716829823
83.7185825548577,83.44022,83.71172,82.5971602173983
56.4475292682698,56.50204,57.038197,55.4502093830953
83.8935826829309,84.14103,83.85594,84.8187023904793
61.3372986870076,61.28768,62.938587,61.1704520058063
84.9805181478519,84.97824,85.55747,85.0607412567199
55.550299959582,55.438747,56.103275,57.566153065854
52.8020917523826,52.783623,54.032486,51.0007379259503
65.9274842239489,65.92864,68.234886,70.1856573850562
76.1677402817791,76.00834,76.21609,72.9426427875328
84.4453918827222,84.29399,83.7248,83.4721295977347
62.9614137447142,62.853916,64.281494,65.4481836986125
80.6241439860559,80.12037,80.44674,79.8411011175911
83.6953931315928,83.92374,84.32577,84.1559553942682
82.5498207833319,82.30675,81.197655,80.7179834437758
81.9534854901812,82.10263,82.58112,82.6497606758173
81.9337518109434,81.9919,80.74503,79.8385418445146
61.9480388930146,61.89344,62.45732,61.4560858423849
62.6551234063822,62.47857,64.23721,69.7996878201643
59.601044728325,59.454025,61.211384,61.7105038815765
82.3044749747448,82.34903,82.24471,81.8855189737388
69.2739996883172,69.06604,69.71038,74.941389419959
81.0382183629626,80.84387,80.9506,81.8805434055752
78.6305482506775,78.53627,78.82416,79.5994148935702
82.2896625536039,82.15769,81.86679,78.7394400917202
66.5414141798254,66.65558,67.02424,69.3112682333412
57.9315154273755,57.649277,58.301598,53.074530125245
63.8822659875004,63.828434,64.63427,62.1919599022215
63.4184521397915,63.337612,64.55259,62.1529691808683
64.0620973896336,63.976112,65.50047,60.5012727722471
50.8028764518663,50.76074,52.59422,47.8355017522833
83.0910157934643,83.12904,83.43738,83.0858164819037
85.4381110356458,85.32097,84.651955,84.7960336139255
83.0263293101171,83.20803,83.10829,81.3794516959985
85.2959701783554,85.41426,85.60523,85.2829658483864
71.9130823448694,72.03295,72.20133,77.9679501757526
56.8203066336067,56.805313,61.451015,61.2887395911473
77.1972249283443,77.40271,77.5852,76.3086544408908
64.1635049243389,64.2732,65.65393,70.3830569747702
74.9035807180383,74.847046,75.54978,77.5367091922039
63.9519113961909,63.805416,65.15057,59.0999575370979
84.9139607793288,84.61567,85.11836,84.8541327048878
60.5624242054258,60.5915,61.317333,58.8398679337221
52.8567770884087,52.73961,54.646854,47.110854744648
70.1889941392439,70.16207,70.31757,75.974026919233
83.709528581008,84.03585,84.48973,84.346347548631
61.0900434004258,61.211674,61.47442,66.4354520262691
73.2480837700692,72.899475,72.87566,79.6629605308299
60.3451727916873,60.365883,61.226536,53.950815048928
85.091443995827,84.87258,83.833435,83.14201052209
67.3982308019859,67.55021,68.30074,72.4881796998802
84.1266398283922,84.22253,84.39502,83.3875642770245
57.1102026137343,57.19142,56.938763,60.0379974088264
83.0144310196845,83.08383,83.549126,82.189549680633
60.581651007201,60.751865,62.15939,66.963107694824
82.7659584283256,82.91228,83.089645,82.1937895722412
63.1054344694166,63.37578,64.447784,69.8750807612
63.2790596838845,63.368317,64.32322,59.9021773514576
61.7506532533284,61.910027,62.60329,57.3798487782379
79.4224870508667,79.46004,80.50236,73.8014362715079
61.6878708812929,62.01259,62.98116,67.8608541788181
77.4229832569025,77.458916,77.45372,76.0778945970331
77.7594529139909,77.868324,78.282524,75.3964371797787
60.8255077417748,60.994656,62.342216,57.1424561841006
77.0079588359702,76.87529,76.9994,72.2232218066411
49.1154156033602,48.982483,53.10117,51.394655127562
80.1414439608745,80.13354,80.33298,79.2035364731765
70.8684338899523,70.79197,71.11395,67.021674436703
75.8692440405645,76.19704,75.72187,78.1474248388469
79.1070257178017,79.35414,79.90508,80.9249126256188
59.8740397120913,59.905434,60.4502,58.4861332932712
77.3068210195299,77.24637,75.20289,72.0792849396791
65.1677530490222,65.05244,66.01165,64.1461181324987
84.3454749972646,84.34833,84.50042,83.6948840551012
74.2132252531737,74.299385,73.86823,77.9578467065539
72.2079223468326,72.164604,72.25338,75.8124816068998
78.2453518481419,77.95016,77.93888,72.5278574277964
54.0602246506131,54.02071,57.574146,52.2062811985677
81.950947558711,82.22993,81.70374,81.302232816731
59.0027033485324,59.47339,60.241566,52.0722733261027
80.1014879046399,80.381996,79.98065,80.684602588402
83.5369163835308,83.90672,84.32534,83.6296363799286
78.137306638428,77.895515,77.63349,70.7260803077444
61.3751910758165,61.386635,62.39459,60.7221097272905
81.5788465882552,81.77464,81.53132,79.4638432665014
85.2221565090152,85.10635,84.88609,84.6665045076579
62.6045488788891,62.588478,63.268383,61.5326817928064
62.7606415427336,62.860336,63.84508,58.7214208795306
79.9736527818775,79.94058,80.25541,77.6376832651476
63.9640275599774,63.97513,65.06986,72.9749039232995
58.9019131637069,58.648693,58.71583,60.1868801524745
78.8470871744567,79.09478,79.53634,81.2549778194589
82.6066514341615,82.68225,82.75921,82.3384084515391
85.0315945564858,85.11704,84.83553,83.5713581231675
78.5615183636523,78.350784,78.549675,79.1596508776688
64.8032232274827,65.13893,65.82641,69.5962756216593
83.7936899261879,83.76137,83.27288,83.5854863212383
57.885667929886,57.799904,57.526096,58.612274519839
66.719643319636,67.21928,66.96975,72.18505604225
69.0988780509459,69.14199,69.30739,77.3620110183203
83.9622094268317,83.77092,83.74209,83.5983054360857
81.0077191621485,81.41433,82.30999,78.8317784028338
66.9333372704532,66.9972,67.13812,61.4895741071488
80.473478433051,80.92341,80.54676,78.1305262503586
78.6376698827605,78.23875,78.50198,70.6951391919998
84.5925267015847,84.58742,84.38888,84.2913349715236
64.4596989830795,64.53727,64.707886,68.2181943983834
81.3362279195312,81.18289,81.51533,81.687148679167
81.5844982775004,82.0025,82.51821,82.8179710652613
77.2434671066319,77.30103,77.28216,77.6061965948476
83.6625575954478,83.44002,82.904015,82.7977740856435
80.639898109822,80.67057,80.91802,79.2567651129772
82.2220785839007,82.39143,82.829155,82.2166387452519
63.7436152654808,63.586075,64.54558,69.4547655709342
83.877658979249,83.89163,83.70376,83.4699970713121
84.3693144352088,84.122795,83.96069,84.2309146356679
67.0154945358367,67.02026,67.60968,63.7642770976527
82.7478974318664,82.76413,82.57538,82.2009451968998
84.6349333751159,84.4441,84.22086,84.7932699130844
70.6162469814363,70.709816,71.165,72.3984229039457
80.7956187498608,81.05263,80.42713,79.0519101342814
72.590706967843,73.1873,72.86465,73.9345965374718
86.8188207183478,85.77909,86.04334,86.1134116127367
52.8817776093659,53.091976,54.660984,49.6454114491629
73.7818154774022,73.767296,73.74198,75.5837340454097
75.2842788512361,75.56588,75.646095,79.7187635646772
80.6259407033365,80.186195,79.50851,77.3433203449076
82.4739525288989,82.41766,82.001335,80.3578327991627
84.1418550237411,84.601364,84.64847,84.7927524209217
85.083683746723,85.58004,85.46955,85.1036377239848
69.2192864538774,69.38491,69.67951,70.1535950698747
73.913627846325,74.14102,74.29333,76.2177956288473
83.8438691362417,83.90927,84.2378,83.714786745119
67.3611991354948,67.04955,67.761604,71.3231879311381
77.3989368243387,79.629684,79.0252,76.9355047488026
82.2830601341675,82.201744,82.262,81.915275203834
85.7565453328739,85.962326,85.83285,85.2958120013954
64.2099028089681,64.307076,64.96745,68.8920861938871
85.9563228572056,85.16461,84.97199,84.9179136772179
76.0949292965854,76.178375,76.525826,77.549929000418
63.3823123275231,63.765213,64.22611,62.3140498153366
77.3407465909055,77.65357,77.61753,79.3442878903824
81.9457023992071,81.92673,81.728966,82.5202713898267
61.720421977933,61.8055,62.6656,64.6420888757876
79.6846611333346,79.23578,79.53418,78.6119070562668
83.1739707543628,83.00538,83.12206,82.3089289009483
81.0605538900071,81.07183,80.580376,81.4889586187933
82.9234171567819,83.03318,82.81403,81.6250141660902
76.4526155669677,76.73668,76.15023,74.2510250221748
74.8189011918674,74.62269,74.95274,76.6677561454848
81.5210764957984,82.273445,82.30862,82.5337399477392
82.6106006763746,82.76615,82.81295,82.5388012690676
82.1944531009323,82.46797,83.54536,82.2466600983284
81.8913413777958,81.94131,82.59263,81.8986797891032
80.1406610639778,80.27786,80.10642,78.0854373833886
68.9598309307095,69.10365,69.072365,71.0782211835603
82.577847439232,82.985405,83.11123,83.262361735121
71.2759547505665,71.33873,71.57821,75.4217352064879
65.0498649590223,65.28882,65.60498,68.1593414068172
82.943317021371,82.9277,82.870964,82.6310021665749
84.402554932271,84.78441,84.8813,85.0780382287318
53.9034005008364,53.99415,56.059017,48.2265605122978
82.8594916724762,82.75222,82.59894,81.0227438386775
80.582069528839,80.37602,80.77388,80.0256190029344
69.6298307969235,69.59945,69.941246,74.0753913506708
63.4614605093807,64.570366,64.42029,68.714291924189
80.3653830335623,80.50928,79.96368,79.8875213724176
79.2761150363518,79.25214,79.57247,81.603505485412
81.1208213536995,81.05565,80.18749,80.9438968308274
63.2673453247411,63.30609,63.49167,66.3652747411683
80.1678715529136,80.00425,80.15407,80.1370084376679
85.3207171647397,84.71688,84.45496,84.5988341908607
81.922411772068,81.973145,81.71858,82.3561034797234
79.623728054628,79.770836,79.74511,79.090267200134
85.9135938014001,85.70893,85.29038,85.0015314698607
77.4682772521519,77.33257,77.40518,78.9680264936083
60.1556301319991,60.352116,62.955765,66.7190404811657
84.5472719196805,83.981705,83.641655,83.7090830741359
69.3997598810388,69.50765,69.83181,74.344983688595
82.503602220738,82.69467,83.19485,82.9168853932212
64.5560514611546,64.579445,65.664604,67.082654327915
83.7810816924522,83.82956,83.7777,84.0146799928852
66.4836396885674,66.881256,67.32493,72.8018259236423
78.949768269663,78.79706,79.03968,77.8154045638958
66.2175404430249,66.08293,67.53701,68.8556913291264
58.7910734951274,59.3841,60.029682,62.8177170828937
80.3870051853464,80.26032,80.02668,78.7552390326019
78.7544456160198,78.74298,78.87495,78.0785545273773
84.4679378559046,84.785034,85.25671,85.2499060849668
79.8173811512543,80.25,80.70141,79.9434941919634
79.8400546972238,80.16799,79.95928,77.8418343218563
66.97137976376,67.1896,67.354645,63.0057411693297
82.5073329624408,82.42921,82.74836,77.683574468062
77.402259612276,77.66818,77.54194,77.2596429004857
62.2709661670138,62.30128,62.548088,63.2972988517803
54.4722264414957,54.29326,55.071827,60.4335363929805
74.1855087294459,74.578835,74.65516,74.9727670353346
70.2693350372923,70.460335,70.630135,74.2699956673259
80.3033230985967,79.86453,79.14309,74.4489444610234
84.9760292015137,85.59157,85.225815,85.5582262951502
62.8665423004949,63.353786,63.08415,63.6668385615784
82.6733922694758,83.26,84.21256,82.8997415606356
80.0314453338251,80.049,79.91277,77.4553963858403
84.9271477765187,84.77295,84.23632,84.6663625318256
76.927104756343,77.2302,77.64401,72.5432685844212
54.5889463433617,54.623943,55.981266,54.4969049369882
78.4398802970868,78.42475,78.71637,78.6297765354903
83.4466923211301,83.82498,84.11116,83.5036551531683
72.25793708598,72.23208,73.22677,72.4111860935598
82.1203536776319,82.04612,82.45013,80.356641061621
73.3587067646889,73.53319,73.31142,76.0656027161002
64.2274236701294,64.54101,65.00534,63.1061691145545
68.5270243578962,68.88067,68.91467,72.7809364096923
80.7537315292231,80.92399,81.43372,79.1376706604713
77.7943312554615,77.77904,77.96263,77.7692510442737
66.2463470199937,66.493164,66.64768,69.4750579937173
82.0699193934844,82.37134,83.156654,81.1040194492715
60.8693931340649,60.60984,61.576546,59.7103105162393
85.688945833203,85.0618,84.93049,85.256975705781
69.1964579472152,69.22858,69.50584,73.9624935729631
83.6802195030102,82.859,83.27675,82.5292634786594
81.2477436582049,80.97827,81.325905,80.2118916817583
81.028490524944,81.169914,80.90299,81.6721299661073
61.1043382182702,61.091846,62.016224,62.478032569148
84.82101057889,85.85977,85.93946,86.0998357608503
62.9182549035064,62.82415,63.743034,63.8823281431967
80.4792529196883,80.81021,80.36248,79.759877435132
79.1898343065981,79.508354,79.27862,72.730479394713
57.0085685785517,57.75649,59.51364,60.3755484692505
82.2107698324319,82.25022,82.271645,80.7484632181743
82.4986574897783,82.35504,81.75377,79.3463722892087
81.8548765863799,81.87236,81.61177,79.9418443962133
82.2504357841639,82.63881,83.16413,84.1751007645718
58.1085825999886,58.345757,59.150146,59.5030383218825
84.9042923416189,84.56513,84.303856,84.1626579115518
64.2365415159054,64.36486,64.96411,70.2736083262617
81.911768611505,82.43361,82.19669,81.3765405309495
82.3976990561992,83.16221,83.59461,82.241873978824
65.0005956000905,64.904274,65.470634,68.6888945383416
79.6797790523639,80.0004,79.39864,75.1817095378135
81.0518060243645,80.48585,80.22744,78.4793307338015
60.5787747701498,60.604057,60.867203,66.3372709890015
74.594848030135,74.437904,73.92159,80.4268591853116
84.0664137785953,84.12536,84.18723,83.5322650552147
81.2839919305691,81.68985,82.355194,82.02669822399
77.3579205180568,77.496124,77.27193,74.32386563143
82.1998182808818,81.455536,81.634926,80.210655715982
82.1659852704902,81.94355,81.62497,81.092929832655
83.2800608273002,82.45959,82.689415,82.7643778936218
81.5887325553194,81.6794,81.45684,82.314398049519
83.6612041209033,84.01752,84.205376,83.6589973285077
77.5436413728311,77.92815,77.24847,77.4611536728371
70.56138050379,70.78678,71.40176,73.0641492725071
83.5284498399151,83.33012,82.790794,83.1689229751718
85.3982093915986,85.30408,84.466515,85.9297100165616
81.4462979415022,81.049644,81.16337,78.7615233419515
79.7745907641238,79.6372,79.62438,77.4362477605682
64.3474598284945,64.405334,64.8816,62.7081786446038
61.4518008821406,61.353405,62.5237,59.7921126294505
75.532827518925,75.63422,75.37481,74.8082556251111
83.2405515367484,83.31119,82.56261,83.5587865117754
83.6691747935281,83.41792,83.06324,77.8307145097351
76.8179396926547,76.40995,76.367355,80.5216201929868
85.2245345340944,84.82232,84.442154,84.4151248835388
85.0627194901314,85.1805,85.531456,85.5542875948838
73.2775903939953,73.15265,73.02639,73.7194626150699
60.1654056958763,59.94163,61.39464,62.3292356434696
77.3500572543033,77.24138,77.137535,80.6934994667714
58.8112399195432,59.093456,60.598946,53.8235892890682
65.365674799859,65.73241,66.53901,64.6101620886226
66.5190450113786,66.15225,67.30307,66.6001450524128
82.3951902822437,82.96732,82.69656,81.6900877989422
83.905814172137,84.38731,84.51296,84.8307619146492
75.8817863671909,76.00435,75.84669,78.4533711212754
65.36122825935,65.58014,65.692314,64.8993344300572
64.4374925714462,65.46255,66.05477,67.4820095252705
78.868459745407,78.96395,78.51351,77.0229075460234
83.8411185598297,82.8857,82.96428,83.4760184754411
65.9345139465817,66.58656,66.57492,69.8247551054058
63.109175670751,63.309864,63.76994,58.9108605451987
70.8904385844105,70.916534,71.65637,72.8146573706143
83.98742421761,83.2082,83.332855,83.5734137691693
62.2891874423168,62.237488,63.911613,65.6415485155733
81.4871593516428,81.45832,80.801926,81.3919376554122
61.0210981010027,60.336845,62.033657,62.6593579325371
66.5330160938946,66.24488,67.216995,74.0923564899038
79.4329150458022,79.132965,79.2828,78.4459314484352
67.9241205947554,67.8659,68.17549,69.8176257131255
64.113426221691,64.33375,65.19267,60.6083777308795
76.0087892651073,76.34025,76.87551,74.231308395249
62.991636284214,63.188057,63.62273,62.6842705624199
80.8300771215851,80.87985,80.85467,80.4692829796183
71.144498461547,71.2514,71.45641,73.9791739238156
81.4866587563013,81.79537,81.674194,81.3163812677501
85.0420767199258,84.55127,83.84007,84.1568730019733
58.6534039526777,58.613472,59.971844,57.944424408977
60.0375471878985,60.121014,60.88864,56.5803717442329
81.2592505100527,81.210236,80.00637,79.1189269688751
82.7711748162523,82.76562,82.811195,82.1400300043842
83.6634210024253,83.12661,83.493866,82.9594669777149
62.2533309701793,62.090115,63.010693,64.2133208995158
62.650927546337,62.576054,63.106396,67.0646871026615
77.2879038115699,77.52753,77.27317,77.7027680060264
84.4111483104007,84.42568,84.486275,84.1820326312285
83.8496059410596,83.62569,83.58683,83.2725759784273
79.3901264668811,79.10855,79.06865,81.7030695965288
62.630700750041,62.830723,63.2767,64.6410226849062
70.3646658145181,70.37565,71.024574,71.3768196676362
80.2788748123871,80.16477,80.434494,78.9241363682779
83.8352657549301,83.64037,83.85581,83.8397085092404
84.799835417839,84.841446,84.64973,84.4857730168356
61.4052265183316,61.192158,61.641407,65.4671350884575
63.2503452832225,63.56513,64.097534,59.4616404922715
82.5900925146236,82.616394,82.37791,83.0118577173885
61.6647825474974,61.611958,62.799313,67.6214292314264
80.8878718808339,80.897896,80.66784,79.6606229246742
81.3629457208112,80.955284,81.1862,78.7586561467293
57.2855542104105,57.72194,58.060757,56.9315739367556
81.1757125043908,81.35577,81.14835,81.5078851575985
64.9539476960405,65.02458,65.28148,67.3024895772617
80.201420464653,80.751724,80.302025,79.0811980441175
69.7499033307696,69.99556,70.13088,76.0520391592168
79.5984811966917,80.68929,80.11556,76.554504169557
64.9109351554928,64.88504,65.17606,61.9515928468339
84.5757589203023,84.1065,83.721924,83.611805607394
74.6606929578403,75.31471,74.92961,75.4680594263881
56.5109789015897,56.951283,57.84628,58.6959107246897
80.9457097359034,81.0479,80.84095,79.7153096425057
63.0749506154538,63.511017,63.390038,64.2504531259007
69.6254989570647,69.8781,69.96294,73.2971322749051
81.7006582189068,81.87518,81.73051,80.4387519760862
81.5354885101422,82.1647,82.02353,81.8893994306081
79.8429131411316,79.66894,80.55387,79.7980544365873
84.2984403476735,84.32893,83.596855,84.2044192119799
81.8094317152757,81.71468,82.1728,79.8357160417589
60.5675893560864,60.435104,61.784027,58.598012009448
74.4575574702715,74.369095,74.401985,75.5970440786126
81.0274680411637,80.89964,80.95994,81.393560959046
86.0437073314128,85.23441,85.27389,84.9951636427201
83.1364080857978,83.953125,83.91456,83.7804977328469
79.5664206141529,79.41702,80.08979,78.1996765848676
86.7970934728012,85.871475,85.962685,85.9395204659288
84.717359926882,84.42229,85.09233,85.2384130541819
58.6545091395499,58.31746,59.571346,62.9639556796702
82.2662136193284,81.97786,81.69038,80.9469035688148
80.6505763152857,80.607834,81.069954,79.8317334687704
82.4211331709804,82.07605,82.21952,82.0811393161054
84.4158761079948,83.68092,84.023,84.5357849097195
81.790878721871,81.72828,81.71908,81.3155794898959
71.0326226570579,70.68849,71.3073,73.4464498558648
78.6013909173824,78.18306,78.376,78.328401403436
64.8850627550491,65.372406,66.1406,68.0193871920814
61.7934550127353,61.760555,62.739506,64.7134074379782
75.3236406073878,75.019066,74.84025,76.1352280616614
68.6542987874229,68.811676,69.17223,72.4758559627688
68.5633610130363,68.86482,68.95569,71.1900415843394
65.5443681045095,65.77184,66.47165,69.9202994928389
83.3276252021235,82.939865,82.95014,81.067642321333
79.4796222949059,79.53811,79.463005,82.1404741366546
61.712881622618,62.26448,62.219494,65.6627226248115
83.850725442738,82.99398,83.504814,83.3334631634997
61.2638752024816,61.525856,61.56778,66.1385977982923
82.7582771526464,82.87356,82.740486,83.9448569254164
54.0456038210732,54.213173,55.270714,49.0512787627307
73.8353868637859,74.13783,74.058205,74.6826939253017
68.5544764220778,68.58207,68.82629,67.1568426009069
83.2420484092779,82.90032,84.0144,81.5025423529462
72.1322451734008,72.08069,72.12006,76.029099362128
82.0011638732306,82.14465,82.14353,83.2264912945167
82.8747203172576,83.14451,83.2416,82.12045528206
84.1918565128837,84.50579,84.92939,84.4839018844161
79.0463300541613,79.12486,79.774124,77.1217672359111
79.609904507142,80.31019,80.617744,76.9228457782109
81.7511482647157,81.642105,82.080574,82.2038260340047
72.3996146196532,72.582245,76.64085,74.6385687909348
83.9730161916935,84.45898,84.05029,83.4448713775223
73.9098367664093,73.09472,74.4334,72.9876640891565
60.007546396364,59.589417,60.318443,57.0339236865804
85.19776586781,84.803185,84.50076,84.5101923464109
82.7631884407458,82.923615,82.812096,82.4119291844052
84.48253593649,83.79303,84.756065,84.1607539721144
79.6394286705019,81.04021,80.55224,78.9505792472374
81.4081454311673,81.05724,81.41394,81.004728428046
74.4607721858551,74.81846,74.982506,75.294544779789
85.3742587211078,85.122185,84.62195,85.1220199981023
81.0057525132081,81.72087,81.53336,80.2370110866385
64.4613861967554,64.56305,65.32304,59.8878318442546
65.2793820105628,65.3081,65.550285,63.56856766771
67.3844319732887,67.49941,67.84371,71.1043628297064
83.7152204527366,84.03023,83.78333,83.7643611205126
59.5147539032395,59.061745,59.145634,56.0969101617157
69.1609770522002,68.888794,69.612686,71.2477077170415
65.4353824122006,65.24678,65.75878,68.3211562039491
66.6827727043363,66.712425,67.35639,66.733163565569
72.3244783592941,72.919304,72.9681,72.760832816334
70.1958454576949,70.31287,70.56808,71.7809899018485
80.0908880142754,80.3441,79.53872,79.0255842001665
58.6514880157406,58.543312,59.22114,55.8533113685804
84.4126600854172,83.47982,83.68707,83.4196755319197
64.0119408182433,63.85516,64.80075,61.5554854973022
52.4301904065095,52.205254,52.890873,57.1605142105487
81.3972683160266,81.42964,81.64984,80.3146002186921
82.6536096597056,82.6238,83.10421,83.3568977356044
77.5223854913696,77.45844,78.004845,77.5144141440418
83.412298985317,83.361534,83.314186,83.168145258479
79.7572306036827,79.75041,79.967384,82.7450013485883
79.0291798080121,78.83102,78.83704,76.73717079963
65.6745605332336,66.18648,66.210594,69.5009664475413
68.2884644306818,68.006256,69.048225,71.0390640516823
79.9161660276764,79.78422,79.6139,79.3620924994926
83.8859287558494,83.71113,83.28023,84.0002314732668
67.3239881462092,67.4998,67.70656,68.4923135279461
83.334847492252,84.1811,83.55341,83.8995119868302
66.6078049774434,67.54206,67.27868,67.5079817956644
83.5201538721214,83.60579,83.31446,84.4659724893303
65.3496442558025,65.52539,66.00182,74.7117651591831
81.9208057386887,82.16453,83.22805,82.2125650322667
55.2326534765798,54.755505,55.86987,52.4928191670315
68.5817973641038,68.45984,68.98793,70.1639840744967
77.5712774845997,77.55524,77.628685,78.8009098041946
71.7959603746279,71.19602,72.00648,71.9519793818418
68.6751766961798,68.359406,68.79497,71.9252046208806
80.4604786450382,80.79121,80.89214,80.4293309686517
82.8414422214209,83.39106,83.18725,83.2283808906433
66.532436917596,66.38965,67.031395,69.8131710321794
84.8431027374609,85.388016,85.2705,84.8651499579203
84.0111177423479,83.85711,84.11306,84.4226382073679
69.3150546568586,69.38846,69.66122,66.3146348768802
79.4495912736355,79.466515,79.61673,77.8217725226109
67.6077032164854,68.05557,68.52003,72.5210284175625
83.2850065455922,83.53586,83.47935,83.3332188062872
74.8364036308397,74.839874,74.83093,75.4920475125614
64.8540074503345,65.42353,65.27121,64.9740812045285
82.2928272418654,82.39361,82.356575,82.4827159452046
83.0175368985128,83.7442,83.415405,84.1063844346995
78.551236784091,78.859406,78.121155,77.5232171868795
68.2950018626601,68.26347,68.833885,72.1580117275956
64.3807384198894,64.56152,65.14786,68.2139893444918
66.0571866603003,65.82706,66.65403,66.1234032746493
84.7893461789198,83.965034,83.898445,83.4520834030416
61.8098084784222,61.96834,62.769844,63.1266500253634
58.9201151104325,58.763367,60.747112,65.2978721279127
63.0198886433868,63.047935,64.7132,67.0001287888161
64.8249850983672,65.092735,65.69497,70.6294739583153
82.1270989026594,82.38755,82.63242,81.8084846422014
83.7331018316924,83.944176,84.03001,83.7444997613751
84.9110214506911,85.2457,84.668495,85.6631895151929
66.481275187451,66.27306,66.58723,71.3971319612207
60.9960280106345,61.041237,63.28808,68.2863774429754
79.6789127308122,79.13374,80.12885,77.7657371765963
61.7866657543525,61.967373,62.2505,59.7841390510221
81.1105021768791,80.959496,80.59191,78.2378135588997
82.9559857801721,82.664375,82.65769,82.8372752764295
57.9664544205849,57.182194,58.8187,62.6162156580352
71.254971270275,71.24479,72.025215,77.4262299840215
82.1468204485404,82.11247,81.61352,81.543086004126
69.2362732698998,69.03477,69.54631,68.979253655824
81.6183568991617,81.68258,81.907814,80.6833334582082
65.6728594273915,65.62691,66.19688,63.5880411453153
62.8258822312788,62.706352,63.085045,66.3722054826774
66.4088409037426,66.626366,67.31701,64.9992992994069
81.7501912165513,81.964294,81.70908,80.525451370655
80.8324261889863,80.824265,80.640724,80.5779751431124
64.8021421141891,64.72808,65.31382,66.028919843115
63.5315988869993,63.842667,64.466324,64.4362390137161
78.56415431767,78.226845,78.71309,77.7919168517558
83.9603188746744,83.1604,83.100555,83.3142344039448
75.2320382363248,75.181694,75.63908,76.3207219871923
59.401531330571,59.76826,61.449078,58.9837192730666
78.5736113091345,78.84778,77.84495,78.0371747474092
84.6956338965612,84.59183,85.03954,84.833146001468
76.9999188623226,76.61051,76.85767,79.9861359538322
85.6091652608583,84.94625,85.48931,85.1252147699979
81.1918592864137,80.975876,80.72068,80.2786022215535
68.379474660664,68.42848,68.71584,72.0319338091801
56.088811888049,55.10342,57.286137,59.8918331149662
67.5759507754105,67.64602,67.932335,61.884490235254
67.3020523122609,67.29566,68.04149,66.6740797976002
64.4468397053581,65.07823,64.81599,71.159276107316
79.4572358979686,79.09803,79.186035,77.6857149664342
74.231854627772,74.527405,75.50262,67.846500908387
83.542704466391,83.28364,83.035286,82.2701053969535
83.6814266474523,83.486664,83.628426,83.806220642072
59.2749391217359,59.34988,59.596813,57.0657297892954
83.8521564250923,83.88229,83.71274,84.0406452680694
81.9341505457477,81.68862,81.37661,80.9129065589713
54.6092865842653,54.95863,55.96422,55.3364355977567
85.2775825727805,84.46689,84.58534,84.4692924748516
83.6901352094463,83.47881,83.21318,83.1191891416157
83.4952454605331,83.36125,83.37454,83.6633311759408
81.2912730766549,81.26731,81.905205,81.1863239168202
65.8878642654453,65.93979,66.11299,69.8360118942143
82.7755124594394,83.20118,83.05991,83.1318055379737
68.3417579213361,68.2963,69.127144,69.6551507549245
82.6761031164163,82.44983,83.154686,82.1533668370244
77.6072080038282,77.46866,77.20582,73.7221951543343
82.30314935362,82.51203,83.65743,82.9560010679554
77.7666393898382,78.27979,76.88605,76.8195617502716
85.2510895235852,85.16408,85.62818,85.1585685169055
85.1805140231661,84.96984,84.71917,85.3060139962791
51.8249311778713,51.977245,53.99631,50.7108392355342
82.5526289667241,83.06682,83.389595,82.6696872881536
73.9808471492403,73.52007,74.5394,76.632783167071
82.8665858103917,82.91653,83.111305,81.765528023703
70.5806966993307,70.433464,70.894905,74.7609507665861
66.5566368037251,66.20554,66.98989,71.5474237911652
63.2588476976202,63.26966,65.38703,68.4730657893295
65.6064178040808,66.03831,66.31842,66.6341763790588
86.2662628462548,86.26015,85.91697,85.468190897444
81.9988105568849,82.672195,82.86216,82.9848371517415
58.7711724214111,59.08043,59.582684,68.0477710635716
73.6361738398686,73.87104,74.20011,75.8471714916238
83.3324230664786,82.70441,82.68046,82.7261939489828
82.0596752950777,81.557365,82.43456,81.8646794625034
67.3979043118125,67.34667,67.61319,65.9410638905107
82.5657049051832,82.76239,82.68246,81.2845834819512
82.4228267516544,82.33879,81.94834,79.1205030113314
81.3339149925564,82.173355,81.86385,80.9136701477766
80.8179871882213,80.400635,80.812004,80.9056815670098
82.8826847488946,82.406624,82.71372,82.4192822024405
68.0903024423732,68.83775,69.15316,69.5372431270643
81.9974470497608,81.97603,81.98963,82.4351431385268
81.7993044417996,81.75079,81.66801,80.9609108731325
67.9056147543412,67.56484,68.862816,66.5753567352432
68.4988683311551,68.91157,68.701836,71.1377971249783
71.4324201320829,71.55695,71.52471,76.5361622589423
80.306823868106,80.249,80.71046,80.0054349764366
63.1889520487894,63.714825,64.14704,60.7672530539882
79.9901776636449,79.61564,79.684746,79.277806189288
83.6184145320441,83.351845,83.48695,82.5345108048689
68.1431384163287,67.68043,69.07517,72.8859380432641
82.7294574929977,82.614624,83.3824,84.3338143504735
72.677566007184,72.20126,72.92042,75.1611958034952
60.1813112198501,60.149708,61.55193,62.7503692069427
59.9202909936276,59.67377,61.155327,63.5224549365327
66.4680966674123,66.59733,67.26792,67.6473745247989
65.4913118758713,65.26586,65.29635,67.8085317964573
75.6217300113995,75.329704,75.68842,76.6248669371644
82.5506465213832,82.68283,82.34067,81.6504665701935
84.6582841006975,84.59529,84.23612,84.5466595464123
81.3509304030432,81.47927,81.29878,81.7939959970941
82.3955461315991,82.48154,82.03001,82.3623195325563
85.912735822231,85.22462,84.99735,85.0612245029854
82.8192527313966,82.88356,83.57177,81.97934877627
83.2845467629372,82.92346,82.93519,83.2802432235578
81.3434780196551,81.6496,81.512764,80.6207315574296
82.9989645962543,83.12481,82.716644,82.5255141778067
70.3384300505366,70.64643,71.399254,72.5144144051081
79.2264709769595,79.81708,79.94994,76.1194046774243
74.5245504465499,74.8165,74.63835,78.7302398047049
75.6545047599409,75.75249,76.31608,78.3549413261922
72.4636524555682,72.22922,72.78718,75.4506624536516
85.1413565962989,85.224075,85.470314,85.0872006490991
75.4055275606119,75.17158,75.720764,76.8384111960815
80.5638683749398,80.47299,79.85466,78.2918659965614
84.2317764161346,84.17877,83.914085,84.2260440037756
84.4078168452534,84.41204,84.54397,84.505200852838
65.4314513034448,65.64915,66.21801,70.5930314049806
80.4494378537652,80.42981,80.564545,82.3813574367441
84.5441857469777,84.68125,84.69247,84.4452375468253
82.4643340153642,82.51028,82.3178,82.7160355676115
68.2442675409837,68.38993,68.61631,72.1319710493827
80.9197276099008,80.81548,80.701225,80.6086537152626
55.4703045582138,55.42311,56.59547,55.4114620203527
64.1945609798711,64.49844,64.25637,70.4182461333439
70.2402092180034,70.19984,70.81509,73.002329923497
63.474394117468,63.58091,64.73976,59.8300023830316
84.0967783176709,83.923134,84.10941,84.1108439586539
71.1882228962784,71.82439,72.0713,74.8406082547799
83.6517862290405,83.5023,83.54258,83.9999303482139
70.7155500736982,70.59297,70.56544,65.7034368019194
69.6788906629348,69.722435,70.19392,75.6147493555171
82.7822637554059,82.71635,83.317635,82.7412554006542
71.2323072616045,72.24444,70.978165,67.3280479992783
79.7626534113616,79.717804,79.77828,80.4322732185021
77.9279083751999,77.29272,77.98765,79.3288498410027
67.664065771559,67.773636,68.04131,63.9735383911705
81.4295217857923,81.57283,81.35384,80.2198234727477
72.613464878468,72.329865,73.07049,76.66746601935
68.2521876399868,68.423904,68.37371,68.8116862092842
86.095073528473,85.26462,85.32846,85.252756303103
81.4015551822914,81.95239,81.54561,81.553792027975
81.2675271056898,81.463646,81.64419,81.0744642439752
84.3170196728054,83.69986,83.58018,84.5214080187506
79.0696359917071,78.57098,78.600815,77.9537012589375
84.6153552858466,83.717026,83.95574,84.0521238984317
66.2292705158929,66.30141,66.1746,68.8453718058142
84.6661799649359,85.03916,84.97137,84.8256933270439
68.5230354311655,68.34617,68.65537,68.9552624151372
67.515027875434,67.849846,68.21787,69.5169356460599
70.4402684522804,70.02292,71.05752,73.2100238425254
82.7731729274993,83.64654,83.47191,82.6473961084474
68.618291457162,68.6006,68.785805,64.9337973405013
79.4899466617812,79.497955,79.47285,77.2733482129687
73.0427668248238,73.005974,73.217415,76.5999711984626
78.4045113671192,78.23894,78.349846,75.592977113309
85.1642661135972,84.88762,84.69196,82.2209517649059
53.7130245300965,53.557755,55.90067,55.618678275403
83.3524616514836,82.97533,83.37295,82.9369324311724
74.190423804156,74.31846,74.371895,76.2486663184663
81.9609035901307,82.327614,82.359886,82.7954673971603
66.319305324197,66.17073,66.43449,65.4231331439158
56.0309689311079,55.781517,57.42787,51.2758657482894
80.9611518568277,80.96584,79.719406,79.3186796968226
82.7534182719308,82.71402,82.58117,84.6609459063536
81.3225011826205,81.30755,80.88037,80.1842463888564
56.0405851677725,56.15776,57.118923,56.3765116811606
64.7517105253317,64.77587,65.04012,64.8549209321123
84.5177809667582,84.2658,84.65272,83.8577014545701
83.5139832530183,83.88894,84.037155,83.7270650878176
82.585781129792,82.42992,82.70258,80.9851216272217
85.9388608244793,85.12543,85.44877,85.4759223429756
50.2566226344339,50.582256,52.633213,46.7205238959693
82.509747706075,82.49978,82.807045,81.6136923117973
64.6084869077568,64.64303,65.10481,62.8482721535329
73.0144957323888,73.35645,73.12559,76.1172299536807
68.1609642607554,68.278244,68.82552,68.4647155671197
64.7665646301404,64.63388,65.368774,68.660062652152
74.8201270200152,74.66685,75.07837,75.0343973322665
70.3841367326188,70.047806,70.83434,72.0263670259725
53.5459416535652,53.011093,55.224857,54.5873078145134
83.2782046562437,82.837395,82.4528,83.3977368175585
82.8376681110157,83.11158,83.21024,83.0822549232306
83.2720674588828,82.51976,82.68468,83.0674355805738
81.0187910926539,81.37011,81.07542,79.8549377946933
66.833409665694,67.07229,66.68568,70.8340340668042
59.9399641346969,60.31404,60.55847,62.8210288076467
80.2826620298751,80.2274,80.00398,77.9865777274586
82.8335983010162,82.90561,82.92167,82.5558511557065
81.5617357669792,81.374954,80.81506,78.1314538394014
85.6008789085325,85.42099,85.19906,85.3925698516544
71.3156967285109,71.55362,71.48791,76.5365694613108
81.0282988775826,80.89168,80.85873,80.6754441016092
86.4631968671803,85.98457,85.85641,85.8016339053795
71.6699438073832,71.230034,72.32238,77.3536093783625
75.7306590045039,75.54039,75.88862,78.4841357341937
83.2389036880132,82.710365,82.69765,81.3935561714738
81.602848695381,82.34439,81.611046,81.8737742314854
83.4563363751917,83.326775,83.39388,83.1256711900936
65.6158257610452,65.69925,66.135895,63.8068723970989
73.5379723157207,73.78324,73.96885,75.5327348219455
65.7725025604962,66.034256,66.13151,69.1304593540797
67.3935514222192,67.56248,67.66268,67.625965022886
77.1394447642971,77.10004,76.89142,81.1133350053711
69.8924538493463,69.64369,70.88185,73.7592856226011
82.5536370487787,82.1249,81.69503,80.1480781618775
80.678918861705,80.587715,80.75828,78.9833239562779
66.3753962552904,66.13289,66.8046,62.5871879463616
81.7853442242823,81.75553,82.09045,79.5876122146702
84.7642066608276,85.43004,85.07006,85.8310998588993
84.1598785909542,84.186035,84.69962,84.5642859106208
73.4372483018665,73.43067,74.62107,75.6384244060419
83.5107195776745,83.5593,82.99511,85.2452689114885
73.0777559785635,72.97108,73.47936,72.4334893868178
77.7419354483548,77.84884,77.503296,80.1034183452112
81.9134267407138,81.59984,81.54696,80.6616791031803
65.6378537263807,65.55129,66.19523,67.5652775206477
69.4386535035696,69.14753,69.47541,73.2180597916708
54.2025701507009,54.543106,55.91464,55.5683121452261
64.5029425598106,64.42541,64.91414,65.7257233079267
61.4191809379184,61.74275,61.901264,58.6588344015673
86.2994931317243,85.87137,85.355736,86.1970390052601
70.094788032122,69.53892,70.97751,73.0538330125043
79.1413337119053,78.93751,79.35178,78.6851013205773
69.9754674113712,69.93261,70.36236,72.0258653074773
84.3097375304334,84.41599,84.498,84.1887595176146
83.9134783317296,84.02566,83.85743,83.9693250942311
85.4931191830188,84.388245,84.58282,83.8168464334391
67.7276718397692,67.66159,68.25619,67.4284490337853
83.9485836821373,83.74352,83.20487,82.8588071190533
65.9315121378794,66.49627,66.52227,68.7080344359946
65.2927102660576,65.48268,65.8061,64.5208760843071
81.9186978213452,81.08882,81.19056,79.311233360008
63.7110951586756,63.6055,64.05013,61.3227671574809
83.3232243107661,83.80473,84.21096,83.0504000141143
80.6436855666291,80.04823,80.47947,77.0733023128931
85.212795372938,85.10375,84.51714,84.7319953632845
82.2190889413965,82.23263,82.42965,82.3287033084303
60.0743637463093,60.53619,60.65897,56.2493747044245
84.6813057434827,84.25718,83.46147,83.7408656046295
79.3374020629988,79.27648,79.14806,78.6230272789547
84.866560683105,85.203316,85.52097,85.6184335088556
62.4328305521008,62.380817,63.44177,57.4610167279661
65.3467887941197,65.32899,66.1135,63.6198242939578
63.1809391527983,63.395035,63.925983,64.250259651725
84.3820660818165,83.89437,82.729485,82.9213529194551
80.1913914290217,80.06882,80.2107,78.9063838977965
77.3678456842817,77.5012,78.479706,75.4377785216027
82.3405690408175,82.5612,82.432304,82.5336448040084
66.8416799316162,66.7222,67.34221,67.5682392384386
82.4964096104334,82.2871,81.97222,81.2827676622103
83.683962603249,83.412895,83.43972,82.5684998385775
84.5619624500246,84.53369,84.81817,84.7768290928294
82.5162182868736,82.45429,82.38155,82.4035730755866
65.1516441256685,65.06486,65.72692,58.399173504828
76.6506572189116,76.71805,76.75747,76.7806919092223
62.8165927525667,63.074078,63.564693,66.7668031377007
82.0787504161677,82.34031,81.55733,82.4249050484432
73.2721168931501,73.24208,73.605385,75.0723052095599
79.5485446923827,79.86021,79.08829,78.8592474932816
68.3927984395534,68.558846,68.461044,73.8922900173161
82.5299213536621,81.89451,80.9183,79.7667266234431
84.7443148285211,84.51468,83.96063,84.2681784058927
78.111179140018,78.01018,77.889366,74.7775481786863
79.8738922091144,79.85813,80.29559,78.6188604201343
79.6929489908262,80.1349,78.98124,74.6940419342586
72.5665310847923,72.62216,72.36641,77.8990012398251
79.3871206429106,79.06905,79.3425,79.046306052598
84.2307587486907,84.67308,84.20832,83.9719993420603
53.8714931756599,54.021572,55.209713,51.2860730824647
81.8572351818575,82.31009,82.28514,78.9991959770962
60.6063120750379,61.185566,61.54684,64.9407535762483
67.0936364555758,66.55887,67.3966,68.5237595251523
81.2371822627031,81.406944,81.083275,80.65135020312
82.7553152130459,82.983345,83.16415,82.8553777939497
84.6186722014184,84.18549,83.76251,84.0010859339332
84.3346001103519,84.90791,85.11007,84.2261976864625
65.0197259499675,64.69948,65.6524,72.4327268123693
83.5631968217137,83.66381,84.08106,83.5447057768118
64.5044881502419,64.508804,65.22857,67.0437534934582
75.2531303899861,75.750534,75.35074,78.6207076472393
79.6723538028575,79.60686,79.87911,79.883545643892
69.0680364838373,69.20981,69.502235,71.6547308391127
84.0603863070325,85.01955,85.02502,85.8906019204318
79.9549741189491,79.752686,80.49029,78.3110239266821
80.2159635869703,80.07126,79.97119,76.3823007593043
82.3958947665907,82.41794,81.95519,82.8324006428076
82.3174541728904,82.84601,83.39978,82.3770800875221
83.323913786342,83.08333,82.84733,80.6248232184855
79.092981174455,78.81889,79.477135,79.7097228636555
82.8422224137388,83.84685,83.99391,83.0707117217684
68.6398155895007,68.66579,69.21566,65.5945406667811
82.563282392243,83.28982,83.61316,83.2097557584692
69.9823491486168,70.829384,70.329475,73.3016773822452
79.8264789782749,79.49717,79.60111,80.1116709030515
81.6139952291889,81.17739,81.1316,78.6560954828044
60.9727069145341,61.008,61.859165,59.5298931224374
85.1967240155062,84.900764,84.450645,85.1551040075457
81.9372699344775,81.78178,81.659996,80.9533410931366
69.0251521866131,69.072395,69.66959,75.146584161916
80.3190374052263,80.09815,80.153015,79.9413376617779
81.5219642057361,81.60115,80.82778,80.8228692827357
74.0797818224625,74.12686,74.68862,77.1772517806792
79.8363645325294,80.03313,80.25128,80.9018797210237
58.1456997938899,57.649944,59.232914,55.4561454369922
85.613592423819,85.6146,85.20856,85.0759188020419
74.7777861355684,74.96226,74.57868,78.6380418608048
83.4208150228764,83.584366,83.0872,82.4082450263549
82.0158143880989,82.34197,81.852905,81.1253161151444
65.2693907531015,65.461075,65.684074,61.4451494448588
82.8815081587365,83.13479,83.277,83.5376028510688
83.2441544751521,83.89946,83.674774,84.0962364594635
66.5548960462984,66.768135,67.04203,69.3860659401154
82.5329292526542,82.581505,82.30426,82.5111430464414
81.9844328393396,81.99695,82.065025,81.6540408287884
84.1566961220324,84.38535,84.19315,84.3909124908594
83.7846399594364,83.97471,83.95213,85.1794588480309
85.1194752665923,84.83822,84.47584,84.6631332707102
83.200470998701,83.1738,83.0503,83.4273954465712
82.5359866640075,82.88824,83.29003,82.7055553855222
84.5233353413285,84.62635,86.687996,84.3247253578704
84.2244015398867,83.89219,83.968895,84.0398228447093
67.1221590572086,66.91827,67.45204,70.6192568295357
73.6475890945193,73.60653,73.32493,77.4012573498874
74.867662764499,74.93924,74.53701,79.0038787647365
79.0563939432421,79.36079,78.82714,77.252772850127
58.8600762977632,58.50676,59.7602,59.3754138504849
66.3375681548352,66.614685,67.69724,70.7807293830056
84.0950500603341,84.24169,84.37708,83.9760229410899
77.9143119185746,77.98111,78.56162,78.8445761343329
83.6945294708968,83.97191,84.0357,83.9416183864385
79.0289058195151,78.996925,79.30865,75.6503241428715
72.7980489954655,72.91275,72.77529,74.5056709342303
63.1294127964736,63.041214,63.663574,66.938827471078
82.0465929742702,82.68093,82.73298,83.177382120421
84.2227400169837,84.01732,83.55355,83.7363488508013
71.4727282661933,71.64315,72.14388,74.0402756442315
82.5255894550181,82.282845,81.115166,79.7390409695096
69.1041172791754,69.148895,69.657936,66.7447487831471
83.8746914824557,84.017426,84.31556,84.2310547885651
77.8276614776531,77.92375,77.76121,71.667335905713
78.6520052147671,78.702736,78.51749,78.2917947451565
85.4770097228019,84.99505,84.695465,84.7287055843841
61.7129733160971,61.683205,63.386528,61.7309784571351
76.8644919994773,76.75445,76.46458,80.265820556139
70.8015964919896,70.8277,70.504105,67.6935123760743
58.6434788803594,58.36106,59.08589,62.8798495798501
83.7406194017466,83.530266,83.33576,83.7836889985335
65.8109398160329,65.55424,66.09132,64.7428932272706
52.100923113974,52.095753,54.4977,50.4262152034112
68.0312856860215,68.03829,68.27999,65.1252519297637
81.6909059892254,81.58302,80.35672,81.2123793605506
84.4646042615321,84.28481,83.81127,84.4221103482225
69.3263314751528,69.56674,69.47379,73.144063648497
58.1010046999369,57.971443,59.194725,53.365658413121
83.0928126824325,82.89425,82.4846,80.9641387413708
70.8495139024086,71.11632,70.88418,73.7898388626329
81.5123637336937,81.40433,81.291954,82.6609813072956
82.7446103789714,83.09332,83.52147,83.7585965414982
64.9751470459931,64.84578,65.58406,60.8090461837477
80.9677389020981,80.98989,81.01149,80.7234731423853
82.5417543929536,82.49752,83.13944,82.2034937318711
83.3497716003893,83.28958,83.040794,83.3694369117912
83.7890434983668,83.53193,83.288216,83.2485699383074
77.9492234403337,77.96237,78.08802,78.5813458249412
65.5919213915349,65.58133,65.81692,69.5013273856414
79.0617546386111,79.23777,79.4532,80.2763512406341
79.3588731855074,79.37644,79.417854,79.0983341562275
83.8127016711468,84.27267,84.2167,84.5372421254517
68.4148942080448,68.86912,68.88811,70.7785174498375
65.5236386723708,65.41121,65.70852,67.8274275705895
70.1441944206103,70.02543,69.87597,71.13732678817
59.5548289116858,59.515404,59.889614,55.985186641521
76.6926397205993,77.036674,75.72225,71.5479375776982
83.5423480367169,83.92926,83.81336,84.1400213800336
83.1685823087718,82.984085,83.20908,82.2848794275076
72.3704866412668,72.13105,72.56237,76.6586335311831
79.1158861139777,79.03388,79.501816,78.4306307571686
68.1057783628038,68.17433,68.51944,65.635209232616
68.214655593982,68.29178,68.52022,69.7897580138002
82.3799018193217,82.07441,81.831154,80.7564607036607
64.3721709551851,64.34401,65.08316,65.7179516742859
66.610745466401,66.557335,66.92574,70.6666245591251
82.9479030740925,83.16968,82.91889,81.7438944155002
78.4159958023163,78.27535,78.40499,76.413262697346
72.9606457253243,72.58434,73.22945,77.4486982100903
80.5070647764218,81.04843,81.31486,80.6144159821524
81.80479094174,82.00842,82.44954,81.7363037918828
83.0348340560974,83.11255,83.022575,82.146517932171
78.2591978880367,77.984566,78.85145,79.6739617791245
84.0281344638497,84.30612,84.64872,84.8188193629692
81.0454309920568,80.582855,80.08138,76.9377997048001
72.1828266002775,72.11915,71.5402,73.0228797102675
64.9380647654577,64.67111,65.59071,62.8490129598411
81.464271409686,81.5309,80.95443,78.7265623689286
83.3706673237362,83.22624,82.40873,81.4527143380444
84.2270707379353,84.05287,83.98882,82.7555861828877
86.1499889970036,85.57367,85.22711,85.0643783663027
84.5736045446306,84.28341,83.91746,83.2332895790564
76.857122484086,76.98253,76.564995,77.2005708810875
72.2150893052966,72.22257,72.335846,76.3350238059606
72.9354261854016,72.89344,73.08811,76.7210028230956
68.8856070230333,68.9564,69.581604,66.2026400764694
84.0965902029477,84.15438,84.81242,84.1998553626355
81.1056793502824,81.96814,82.36118,80.3801595509818
84.4374981110898,84.47153,84.68669,84.1699650408758
67.8246358825087,67.76284,68.32563,63.3448722450139
68.3070824015405,68.49007,69.222664,74.616212645261
85.2341213127025,84.813324,84.53771,84.4465068150338
56.985372544376,56.8897,57.834408,55.1559504481106
83.7645527508796,83.564224,83.48017,83.492574900173
64.0355057623155,63.890533,64.79928,64.7473258631429
79.8924898423568,80.00943,79.55499,78.5434616320743
83.4633620420092,83.29813,83.125694,83.250263781292
65.2433430015235,65.14485,66.31212,71.0694823392626
83.7002366485351,83.90031,84.063774,84.2626555645406
69.9441458872775,69.799164,70.37303,69.9664349675633
82.2223490943507,82.1458,82.55767,82.0394897379401
62.7376019169712,62.89593,63.357594,59.573405448291
83.2110527035541,83.40841,83.348206,83.2092268559897
85.8206318826051,85.11795,84.95052,84.8704173374897
83.9075136864324,83.63058,83.221306,83.2292977799342
62.1088312689374,62.22668,63.65849,69.0923191552545
63.0976772611428,63.097805,63.858955,63.4785341528941
81.3447603505865,81.32185,81.45724,80.3235462173961
79.2310115451611,79.46486,78.58162,76.7808280828532
64.4249908547865,64.34645,65.348076,60.9241686240269
63.5235537620278,63.5844,63.7821,59.4742969324892
70.4251325275681,70.52416,70.290405,68.9476571080083
83.3078323170616,83.67941,83.805214,83.7798333659362
71.5735504968785,71.64416,71.98932,74.7527965621868
65.2913698174078,65.17459,65.116035,69.2427589916526
65.05866237135,64.90488,65.7093,59.4147697598058
85.4348079357639,85.01,84.654366,85.0219873101218
82.4459338165455,82.53295,83.065994,82.2905490972833
66.2151416842138,65.95528,66.81718,66.9613765386301
80.8031518087303,80.706535,80.850105,81.0335058562183
79.5464302341909,79.41434,79.0019,77.9183843605169
77.8376168556856,77.90092,78.30886,80.1328676899215
85.3386632865124,85.37337,84.95787,84.9200682467178
82.8791572146518,82.98041,82.85153,82.5971801066614
76.5438945345175,76.62015,76.66098,76.8545116265339
80.9022246946701,81.54138,81.67362,80.4719337006903
71.2864832674651,71.155045,71.099434,73.5973264711718
84.3540016797397,84.42047,84.70388,84.5610055234329
78.2195577268245,78.192024,78.0944,81.1199036533271
83.7200215128155,83.5459,83.87275,83.5988879219332
83.8438926318524,83.61759,83.77059,83.7170235761914
66.8587512593606,66.9227,67.01816,69.6691584332487
76.5702632018289,76.29334,76.63864,75.3406584913395
84.4582498360738,84.350204,84.145164,84.0300242763226
80.8074152828356,80.84219,80.72489,78.9497070417551
78.9926019507727,79.1485,79.15004,75.5127285632443
83.3842307844693,83.87228,83.73794,83.6591052509173
73.2911667553196,73.52905,73.736824,75.2464113829569
70.6878648243657,70.692245,71.1653,73.1222402121551
57.1070472731347,56.91396,57.873203,56.161923556473
67.6398964236604,67.50643,67.90887,71.6863925862416
84.785842774293,84.28337,83.99256,83.4564932108044
81.8558272749193,82.33662,82.34312,80.9559298311243
80.5959886056397,80.62378,80.2748,80.0938255570722
85.7426901393563,85.122025,85.09423,85.2512576545416
64.1128866800471,64.0709,64.95418,63.0431009941244
70.4604911289526,70.2475,70.29551,77.9068517687778
83.320341580669,83.70594,83.74214,83.8822391280083
77.3924983340398,77.28933,77.47877,77.0104400761891
70.1864112521561,69.95269,70.56606,72.9049913781691
74.8989095287351,74.785126,74.992744,76.6557847647716
80.6941529286438,80.59955,80.61681,80.6594732026569
64.4343696623664,64.2994,65.28105,62.5381003031346
85.1437245312756,84.92306,84.44872,84.5731151366801
84.6150932039634,84.482445,83.57374,84.8982512799287
73.3412124439086,73.379654,73.0147,74.0459696080045
82.4975793666191,82.65668,82.35711,81.8777236433714
74.1404583338012,74.355,74.342224,76.572641254749
67.1259007543691,67.331894,67.53306,64.5219379786038
83.0282357881196,83.327934,83.39802,83.0124472151161
75.7267499246517,75.66067,75.78173,78.6292961037488
59.8106904008248,59.982056,60.58434,54.4305120367206
83.7997146144571,83.75019,83.83359,83.732942349922
83.612367936374,83.54081,83.320526,82.6670942642056
84.3790189033391,84.57967,84.28651,83.3024126284301
83.754819667756,84.19907,84.308235,84.3785002936555
65.9201457564401,65.78171,65.91992,63.1470712041589
66.8236076425052,66.90799,67.5547,68.7969786339925
67.0810569415533,67.252,67.4936,70.8407288734831
83.1578146433892,83.100624,83.0823,83.6775734660736
85.1425962199919,84.55497,84.48998,84.5126241035062
83.5175382354507,83.434746,83.368355,82.8311195826971
84.3211895082291,83.707664,83.67293,83.3074904692761
64.3496567882177,64.546974,64.46708,63.2128983410646
74.7388952566405,74.94922,74.956505,76.7970420990457
59.9553516362802,60.312416,61.514324,57.8635886205856
82.7308914865836,83.18979,83.57689,82.2978903138376
85.2095589879808,84.93366,84.34009,84.0728111500664
65.9036631420583,65.93666,66.43452,63.8807673076945
73.7991048113706,73.66771,73.95104,77.0339488534253
81.4172229538205,81.46362,81.420555,80.8687126038234
80.8924397703188,80.85925,80.59211,80.4718533994867
85.257225647248,85.28957,84.604485,84.2926961226716
83.5649608130374,83.50581,83.008575,82.6830494056211
83.5382473700406,83.251564,83.12751,83.1786491329955
82.5738743779445,82.48475,82.14257,81.8357799971292
65.073617662301,65.17804,65.66752,62.9833942355477
74.5338244833312,74.484985,74.43393,79.7958200132389
78.6559137090003,78.62067,78.69775,78.8504793370116
80.7667272169848,80.771065,80.721886,79.8867875630314
67.3949575575247,67.25059,67.77046,69.0367455489718
85.4285776136145,84.99474,84.5226,84.8843590490426
82.0896797212276,81.7299,81.66138,80.5744008647296
83.4813167284591,83.29454,82.95695,82.6968239208203
69.7070665168681,69.70244,70.28695,73.8633286513421
81.5662384806652,81.604706,81.73935,81.9358996150217
84.7807469357388,84.32949,83.93007,84.2823629292606
64.7110161103452,64.616264,65.31318,62.2293860626635
77.8570233148352,77.83083,78.34418,77.6689251514475
84.0623958074277,83.762184,83.50085,83.4056662433966
83.0334124696616,83.223175,83.538155,83.306996305586
64.2618215081893,64.05484,64.53841,58.7509265055856
83.6849333695538,83.790276,84.19169,84.1013115385718
60.6174902676645,60.37917,60.880352,64.0554189640753
84.1377204312409,84.01711,83.454445,83.8357296934279
66.3680859911632,66.612206,66.617546,68.8272225025044
82.1227980035887,82.110695,81.78081,80.8361289930016
66.8504285572579,67.049805,67.49186,66.7848772980083
80.4589609178289,80.531425,80.37557,79.5635483932753
82.7634572832908,82.99213,83.19099,82.5149768670888
81.4484668484838,81.45021,81.521385,79.8193998895622
68.5673467783166,68.55085,68.95129,65.6410210939852
67.0299789387821,66.51425,67.630196,71.0066422456555
54.0037977276215,54.02353,55.466175,54.7590721882206
83.8888725342006,84.27164,84.289894,84.4529584602603
69.295677921244,69.21723,69.84214,74.1156730547641
82.3080657698469,82.3663,81.971344,81.7110845890673
70.8814806048794,70.61267,71.06505,75.2735897590832
83.539391742793,83.415,81.884514,82.5498246881882
73.1867741881407,73.30935,73.38774,73.0622299220415
81.0626181974213,81.11753,81.707726,79.6136488590351
69.9718846981364,70.16807,70.577675,71.9172651910573
80.9670774791745,80.81861,81.12565,80.2968910474914
83.4698625170464,83.68324,84.12852,85.7540302137122
62.7977807776622,62.721573,63.739338,63.6127076272122
82.9068895001908,82.92734,82.96742,83.0941556301676
83.3797617003655,83.41207,83.574394,83.5675965496814
82.4028105931169,82.61288,82.06677,81.0369228744864
81.9516549180071,81.873924,81.971954,81.2209972874844
83.728106750443,83.9429,84.305565,83.7914861035559
82.7816360111813,82.54798,81.38057,80.4842102619968
82.1140911301629,81.83895,80.55265,79.3502985712496
80.9069223911011,80.808426,79.07961,77.1281305073991
80.6949189763115,80.87608,80.08647,77.5589275994504
81.2236814326916,81.36403,80.84884,80.0321519687024
63.4835213746642,63.245754,63.767025,57.9130962782721
81.471984224095,81.98745,82.401955,80.1480114586507
85.0418237809028,84.786644,84.55924,83.6784139128189
79.7039700225876,79.584816,80.05178,79.8826474279288
82.4518928401322,82.41599,82.16543,82.6298001653327
66.1297651278569,65.8727,66.88853,63.1861162150034
62.7870830318157,62.598206,63.654285,67.0954557019318
81.9593381766887,81.946815,81.87876,80.1877228733205
65.8304176773138,65.772354,66.525444,69.3853770429421
54.9108609930972,54.87803,55.656162,55.1572193710531
71.0343213215925,71.13369,70.90529,74.3188900255555
84.1967945028643,84.252686,84.39472,84.3322666038994
64.4542535879611,64.266815,65.00633,65.0235463733188
65.7469088344916,65.589264,66.2989,66.5528507273096
84.6733346359504,84.557556,83.93424,84.3519461976931
83.7929956234502,83.589874,83.03384,83.141196834928
81.411339784112,81.40072,81.22553,81.5132542222438
82.4782290882121,82.05934,82.19413,81.4721944738704
59.915447088337,59.853333,59.888805,62.0497099996213
72.1537449402171,71.76844,72.7875,74.2664019032211
71.444144942667,71.45533,71.69352,73.5802785686013
78.3600252795808,78.43617,78.48211,74.7455426970816
53.5044177290273,53.40154,55.127304,49.7851490395519
83.8581293952916,84.66421,84.135574,84.418424570072
83.4783969051817,83.95118,84.00785,84.8755548950075
67.1120791491128,66.82719,67.650986,64.048143178922
66.7166870342918,66.62802,66.94533,71.2227282377211
69.8546846297184,69.949295,70.164665,70.5283627141123
84.1758419696755,84.203545,83.880775,83.801697827357
64.3035132899809,64.302574,66.077705,69.3863783319497
81.4488993911525,81.32588,81.49645,81.3248225161982
73.754843988496,73.766304,73.70062,77.3854358406501
82.0871400626238,82.214836,82.59152,82.286328984041
82.6099884378042,82.71312,82.686134,81.3144840581068
77.4160899275563,77.367836,76.77953,78.7291375397071
83.4339222904043,83.39216,82.643555,82.4504202257721
62.4332276599299,62.876865,62.321915,68.6270896518556
67.2303112655002,67.17437,67.51709,65.8516551661006
83.4864874059956,83.22893,83.551605,81.4162350353976
61.9921380967269,61.971493,61.53836,66.5343680787449
75.3554723178456,75.46231,75.79722,70.1932063426228
60.5036025025073,60.772842,61.429226,64.2551013854072
84.1520174495064,84.50546,84.73362,84.6942204211817
77.9436187329435,77.86021,78.04341,78.19127925702
82.4305196762251,83.12874,83.53704,82.9388571775199
54.9569158974682,55.102016,55.777843,53.6468507042652
81.3895535048078,81.474174,81.023544,79.0445839548999
82.7660602821517,82.92884,83.4587,82.7230785858053
73.3407690718222,73.467125,73.54821,75.7657678071016
69.0904912609334,69.00769,69.03435,69.6423492310111
62.9928964407848,62.845905,63.76255,62.9948225488793
67.7090853655231,67.51109,67.75272,70.0989125861145
82.6646446599805,82.54151,82.07834,80.5509459902149
68.5268041693739,68.19781,68.82963,71.7690643854065
63.1437846136167,63.300674,64.04074,67.2718855277798
65.2374687287454,65.10587,65.78599,63.417203974573
65.2543857337055,65.31962,65.45315,63.0018730831534
83.6672782226369,83.73355,83.926094,83.6128370618918
73.7605379001489,73.574684,73.528786,79.1410198388018
82.2368744047852,82.1638,81.9847,82.0451534640727
73.7370124819114,73.700134,73.79675,74.3647404279313
76.5041796290004,76.44284,77.06573,74.8893680120731
78.5198626625108,78.48355,78.31036,73.0697399492932
83.6366333235346,83.85111,83.98862,84.1900365634604
83.342071129524,83.822174,84.00205,84.1516735585762
84.2600072854644,84.23522,83.86454,84.6491265271147
73.2192791863644,73.46648,73.08884,76.5640459417825
83.548824119575,83.43293,83.4791,82.2402358446711
64.8310625733874,64.93994,65.06241,68.9748344393609
81.833823749042,81.41748,81.12086,79.8069041736607
69.0685754672309,69.130135,69.75542,72.3767810370135
74.2642072679813,74.55322,74.28193,76.3340112562585
63.1801397781513,63.197903,63.540154,63.8809543061699
77.8577883807579,77.751564,77.94082,79.9030125287668
66.7874685415192,66.81762,66.930786,70.0474921849605
66.6146417639485,66.74379,66.75048,72.0224054051982
68.3716628357549,68.344666,68.79962,70.5236387199238
80.7584540931153,80.99451,79.95814,80.2884854456282
82.6344664782567,82.63434,82.04791,81.8905531554341
82.7249542048594,82.56261,82.75872,80.1160537354947
83.8921103373626,83.69014,83.49015,83.4884308764085
81.9113890433634,82.376114,81.918236,80.9990722244433
65.3623397079219,65.21435,66.41634,75.2654498294051
70.2617455776186,70.25822,70.701904,71.4627651576761
82.3599362557513,82.27088,81.855705,80.1021550421387
67.8171257680451,67.75787,68.368996,67.8020123156029
67.8677113513644,67.844635,69.25564,74.4847499539919
81.1141872784739,80.92768,80.8537,78.4525891956207
61.6745177802764,61.648376,62.98054,64.0435326216369
78.4833459895161,78.747185,78.900764,73.345660618578
85.8821443099404,85.14087,84.934456,84.9763112858181
83.5059402838293,83.31232,83.037506,82.7627600114788
82.6632472060066,83.064865,83.574394,83.2028201088776
82.8579120799445,82.757484,82.36248,82.0760668631586
85.0894851422993,84.806015,84.63273,85.0741944232634
66.3173814001371,66.38544,66.65432,52.3480530032077
83.5545650880645,83.30203,82.8646,82.5217632077527
62.2802535632031,62.145256,62.728046,64.2007502625364
84.3141081162522,84.60254,84.62447,85.0515739202137
57.2511541246307,57.20833,57.97224,56.4522789830611
83.8376244166341,83.82547,83.58645,83.5700216917853
83.8817517062454,83.91424,84.08805,83.9112196962423
71.3553660928165,71.53082,71.328255,73.9572526788137
82.9591871649269,82.84474,82.287834,83.3178732145316
80.4600872565489,80.02185,80.899315,79.4718034962148
60.3764914765007,60.585144,61.220303,56.8436753873227
83.9232344557012,83.72659,83.71601,83.5272778592845
84.1270232947857,84.26822,84.65273,83.7624440280322
70.6158265082268,70.37454,70.63452,67.271794563583
63.9349112750493,63.90827,64.493256,60.459673930783
70.4199089895678,70.08867,70.72245,73.6554382631767
68.0756346511274,67.9253,68.46607,61.448760476614
65.0150574551723,64.891655,65.56812,65.7049676102062
80.19547042351,80.47877,80.03942,80.7181353493063
68.808565077683,69.00684,69.742,69.4592911135469
84.2489483891896,84.80987,85.03644,84.5720429504946
72.6655369331016,72.91288,73.01729,75.457360915821
68.9237613220914,69.00158,69.19892,72.7271750178672
77.4283374803404,77.45876,77.532295,75.095514213789
84.4592795128286,84.40606,84.05356,84.5085042442349
63.1968212074513,63.294704,64.35444,61.2723537634554
83.318917505791,83.68029,83.53248,83.1449307713713
83.8815949520777,84.06173,84.12053,84.274934508628
83.0592619960878,83.27609,83.64451,83.131372236774
83.0606906965998,82.83189,82.45283,82.3744705250023
64.5437341076943,64.318474,65.722176,68.3061367238311
84.2251349376704,84.73678,84.824135,85.3592626553985
67.5728157047281,67.735405,68.00842,71.4649606032096
83.3471522241009,83.32062,83.094475,82.1519008599259
81.7112015881928,82.15506,81.749565,82.2486591165525
83.8999418660831,84.32649,84.50767,84.7643063776761
61.9185138232046,62.149136,62.83347,65.820471292167
81.9441835561558,81.63139,82.33746,80.7271988562422
82.9303964736585,82.912315,83.10471,82.424339973693
82.6760080173477,82.68601,82.38545,82.3863097665044
78.2498127122438,78.1644,78.6406,72.0396777065879
83.3232855313125,83.75289,83.82202,84.021833450928
69.4712506812002,69.32153,69.695366,68.9037294911261
65.5020199573538,65.49728,66.2168,61.2393401982953
83.2476214992646,83.465454,83.52395,83.7452764627647
69.4301764168952,69.135475,69.39767,72.2586547127421
66.6004717278268,66.691666,67.08242,68.6943936536211
65.2135222207439,65.44112,65.99348,63.9551138192831
80.1872770407644,80.21554,80.001884,79.0139947064138
79.8601868073797,79.81455,79.91284,79.5071630196829
81.7410302622146,81.60661,81.68293,81.596644267053
63.8654885974795,63.903954,63.923397,60.6538120518623
80.9471002241534,81.126114,80.670265,79.7891022974979
70.56593396377,70.482025,70.845764,72.8822155669588
69.6032422271378,69.814804,70.04832,73.4053809088936
67.4806029741049,67.31906,67.916985,72.1812623195139
81.9374258717383,82.1209,82.412346,81.7358086993716
72.7963102519297,72.95588,73.04891,74.1285634064493
70.9545635981654,71.08473,71.29656,73.9565028848427
67.4252370370229,67.29591,67.67171,71.1677825571979
64.9771423219708,65.16757,65.93922,67.6018038306244
82.3083832614645,82.27722,82.33715,79.1578052637413
78.1928183745521,78.22446,78.54653,77.1191447977617
83.9884876535084,84.02396,83.98475,84.4588286797556
66.8838164046548,66.66778,67.453835,63.4471484914272
67.8636095241896,67.83499,68.04543,70.3282299072248
74.1712560515247,74.33945,74.75475,77.6470139936954
84.0561013766821,83.90093,83.61524,83.8197571014853
84.9753274713405,84.6163,84.19178,84.585543487039
68.4146716973626,68.61872,68.479164,66.3892965880549
67.9669888019867,68.02233,68.33818,63.9113140691901
83.155877936413,83.08206,82.71374,82.8246318903435
83.4815583087605,83.747894,83.88683,84.007429310322
66.3862802517194,66.19274,67.022514,63.8822843754797
84.6654598364232,84.58521,84.47813,84.7035090141401
64.0017580539108,63.911427,64.83806,66.580440317761
83.7566787259621,83.1847,83.187386,82.8859184224009
65.6352326898717,65.64862,65.96949,62.5131109813992
84.4021183630947,84.59947,84.85433,85.2137865144988
65.0453804652492,65.03306,65.764366,60.5280701978844
80.3672777464283,80.55979,80.20345,79.982169536171
76.1227232419116,76.22266,76.20457,77.2913148977187
83.897151727887,83.74874,83.7396,83.6372236404285
68.6012381620398,68.76874,68.73425,67.5302867043131
60.7907781127991,60.786366,61.57532,63.7349992282817
75.3985648250718,75.400024,75.569374,79.3736602404512
82.5926820255147,82.801895,83.08289,82.9428594753098
77.3517418477428,77.31082,77.75706,77.0748858289425
83.5450963620228,83.23126,82.32765,81.7882395458496
66.7927078414583,66.86324,67.141655,64.8492506259637
83.1272169981662,83.15527,83.43513,82.1530216014991
62.7310391293598,62.80888,63.068535,60.9750617214154
82.1751063116176,82.205795,81.87514,80.3038010130824
80.9935964651469,81.04377,80.711494,79.7733365005952
76.843711912755,76.78994,77.05585,77.4524247551404
83.5236665476586,83.50343,83.13067,83.0290579433924
81.1173426872503,81.00693,80.97362,79.3156094138456
81.4390209375404,81.64232,81.44947,81.4600459191035
58.0333493500831,57.887093,59.3646,57.4877903330929
84.3755041173134,84.26552,84.29687,84.0927187768658
81.9669114517686,81.98882,81.80501,80.6415265056227
82.2968070353867,82.5308,82.756874,82.132715020491
79.884758531246,79.890564,80.32138,77.9476520696735
85.096402147494,84.930145,84.59228,84.5829595079008
62.7705994973413,62.59874,63.577175,65.5381266875285
79.117025182337,79.0455,78.77514,81.6203091315034
68.3813325962596,68.26518,69.07821,71.0498942731198
84.734039517247,84.732185,85.01161,84.9153688381362
65.0781340080973,65.039116,65.83602,67.7861793544211
85.3355059385289,84.71772,84.65034,84.1846674282972
70.3804477921281,70.25032,70.898186,74.3642764426531
83.5346073474968,83.33344,83.0182,82.6142269912695
81.6978028150588,81.947426,81.743256,81.876314699383
84.2054022450555,84.30104,84.16061,83.8381821956065
74.3322117528697,74.127106,74.260635,78.391478824195
82.7409029744026,82.51839,82.24163,81.8865018789519
67.457066869098,67.448586,68.14398,66.6095763605431
68.1495929571562,68.18199,68.37121,72.5047064788418
81.7818964586292,81.836006,81.61205,82.2772343236048
83.359354892743,83.93785,84.13814,83.8891416376408
85.7086870788105,85.73601,85.009514,85.355021188488
72.8591086154469,72.766716,73.084236,76.5023178746687
70.0055144712867,70.01261,70.46688,64.9067161359744
84.9578635727835,84.29675,84.02351,84.1584607732252
80.9043205233883,80.81297,80.712715,78.5183490167083
83.8432114345565,84.04479,84.00428,84.1615167427033
68.2726637122693,68.25752,68.86216,65.3748559308201
82.1193213825602,82.1486,81.737724,82.4185878714755
82.5100044475642,82.42469,82.425896,81.957373805382
67.9458637427746,67.96779,68.74804,70.2996317328332
70.0094135528456,69.692,70.219406,72.4153650038494
84.6117967772318,84.87706,84.484955,84.8709832217739
73.8151105543064,73.779396,74.08439,76.8647866458168
75.1346778929409,75.47599,75.37564,78.8627842687907
82.9127994230043,82.90365,82.391655,82.6428449399628
69.8283046280363,70.12736,70.011345,73.9953603100673
72.8564880133935,72.93547,72.920204,73.7454071150225
64.164301553564,64.25878,63.99255,66.4767556246323
69.2297601435159,69.19366,69.30939,77.8383015210316
83.3162970843482,83.47783,83.25355,83.5793708530913
84.0489801204493,84.372406,84.487595,84.4257023443132
65.1099792552312,65.04225,65.81017,61.6831643126892
74.8461882833258,74.60624,75.107346,77.7723019252527
74.0493881947984,74.04279,74.191826,74.6716490628435
79.2226980057366,79.15009,79.69126,78.9320378983533
78.8244376110178,78.916916,78.83993,76.1866392602264
55.4321399096751,55.207874,56.4333,57.9037134349291
70.2166808498591,70.178955,70.30944,74.4051965217312
84.3235910656152,84.18804,83.6345,84.4770568071605
65.5294812668443,65.39598,65.61262,61.9124159320844
67.2834295719991,67.27226,67.9031,66.5822668284775
85.0692599829398,85.46576,85.976074,86.0867847576328
73.1851000919788,73.39235,73.62701,73.1888405732796
83.4722403362922,83.17734,83.17013,81.7276142918394
82.5723752515732,82.84077,82.599075,83.3008338289385
76.7879489164292,77.19584,76.52492,78.7175737447004
61.0770007154846,61.15847,61.594128,65.7175951079954
81.4293933838992,81.34682,81.46563,79.4478686794804
67.3136441931137,67.16694,67.91648,65.656023363462
82.8839196702863,83.03138,82.55096,80.7045566459283
63.050886861748,62.938972,63.53996,63.7637922200289
83.6777575183363,84.337776,84.394424,84.0551523098296
81.7556097763674,81.74751,81.49972,79.3553651398152
82.3020161560915,82.199554,82.323265,80.98148821522
82.6545707417187,82.47576,82.15725,81.9664219438883
82.5803064949589,82.99332,82.99653,83.8222161872507
84.44005136226,84.40549,83.9865,84.6601750802674
62.9661944878904,63.04284,63.499626,55.7449778490612
82.091484844926,82.13557,82.44773,81.5471552862445
80.248734183343,80.248055,79.133286,79.1412286082608
83.2195535834421,83.22277,83.04098,82.4224478375148
65.0304484638365,65.37171,65.14919,67.8861517769133
84.0909055853496,83.71064,83.10318,83.0635597283683
67.9528859963866,68.13482,68.413,70.9945233995913
83.4798093859181,83.16811,83.175835,82.5915047928967
82.804807937586,82.4937,82.68575,82.3109613189005
83.7632763990146,83.72506,83.87159,84.1166123085408
83.9864226511183,84.05518,84.39273,83.9823420587002
84.7418025916117,84.34263,84.23766,83.5106947223931
83.2631994630065,83.309494,83.390594,83.7448092295775
64.0407520723577,63.902763,64.51907,62.5160865345545
82.7676221109517,82.36262,82.02837,82.0736140175176
79.4038368350475,79.46945,79.33948,78.4559225140079
64.9808366049589,65.04712,65.33608,63.6813702914545
85.2496618673886,84.84477,83.94904,77.400427949451
74.3267634666987,74.58459,74.727516,78.7236865896239
67.2799589638445,67.20689,67.59247,64.8006317054904
83.2784520932738,83.70997,83.6839,84.0335353697249
84.7414182277012,84.878685,85.33104,85.2721377445906
78.5256103807679,78.59716,78.45218,78.3091088890367
83.112989837655,83.08226,82.86306,81.5802067151373
84.6546143280011,83.95511,83.76722,84.0777449354396
56.470826111072,56.41632,57.601727,58.3057663483633
75.2884265451695,75.530495,74.9425,77.7070039103797
74.3172034189239,74.167206,74.38035,76.3540020416426
85.9817665199591,85.86056,85.191505,85.8120368999008
80.8579522570142,80.77969,80.58165,80.1789952457675
81.2710897168342,81.39888,81.64513,81.9862399845077
85.3128778346228,84.57708,84.62432,84.6405309114727
82.1666226128642,82.2885,81.64574,82.3898017130353
81.5854486813332,81.660385,81.32081,80.318937294648
71.3513333302634,71.39522,71.95498,73.9534884752289
82.6620831881829,82.632286,81.965126,80.3565296292289
84.8696829142849,84.13012,83.88592,84.4732399899718
67.8953950846764,67.90651,68.562584,66.3923226193706
81.6083096759672,81.37733,80.43166,79.2675701773471
82.9772228765156,82.70132,82.74193,82.2617817874918
82.091725707024,82.21018,82.08709,82.3422979063321
64.4984108861935,64.41532,65.202995,63.4245050448595
82.7984562944534,82.35393,81.6054,80.638223510166
82.6185535693867,82.68716,82.80048,82.5082253349598
79.7758591248045,79.880585,79.40571,79.3950263904109
82.496644332028,82.38282,82.2208,82.3058701304635
64.417292344941,64.26812,64.82966,60.3687289689215
56.7823518923345,56.990715,57.98081,60.0465197328972
66.6627061373482,66.73453,67.31752,66.8717067827515
83.0089633013012,82.74148,82.490074,81.5111552770154
76.390061067865,76.32001,76.281685,77.1432347501655
82.8744380650653,82.66972,82.38619,82.9689152536707
72.3873205198312,72.3458,72.48206,77.1482304198033
82.378461244196,82.9617,82.809,82.6997017763684
82.6390395411691,82.4672,82.86915,80.2452689300566
67.0960297906924,67.21123,67.55161,63.4018988693322
78.6527425825086,78.26001,78.77124,80.2333478740396
70.4528763087458,70.50025,70.951485,73.3327184485228
70.5867369932212,70.51567,71.01299,71.9189446301952
64.7118764756306,64.58466,65.25597,59.6464186742282
64.7662823851422,64.79728,65.43445,64.8468986334979
69.0030210820505,69.04247,69.51014,65.0001601939949
82.4900148878518,82.73048,82.515755,82.4783004737885
83.4197037823906,83.56829,83.31908,82.5255725265535
84.6828128211425,84.73589,84.70456,84.8133760949591
72.8880266175106,73.13025,73.31721,74.1855639654177
83.8357963653961,83.7116,83.91685,83.6786978117037
84.2310879765307,84.70252,84.68058,84.8296008791372
83.151937538878,83.50124,83.458885,84.408730727051
84.4008616833152,84.08993,83.50506,84.0650815393681
84.113550264167,84.46963,84.89341,84.7199307543368
72.7833211215161,72.46428,72.677376,74.6201497944564
79.1932977204789,78.98429,79.467575,78.9785640131168
83.2540174891736,83.72826,84.04842,83.8576606236297
75.8383866657325,75.7197,76.07779,76.9113264009533
81.6491485079572,81.7312,81.10215,81.4279943929761
82.0062982754795,81.748375,81.94804,81.9603383219825
64.6453644922161,64.817276,65.25885,63.7754295193389
75.244377588387,75.26088,75.392494,77.4130024385217
69.0930854145045,69.0006,69.23819,67.2465736387419
82.8363081340278,82.73382,82.99386,80.0871207930564
83.5275640004224,83.79654,84.10789,84.42181197401
82.4281946772349,82.51434,81.55645,80.7534311968437
54.6311674558508,54.72401,56.26914,48.71504074166
81.3051949718317,81.27515,81.436874,81.5498962099354
84.3180336070512,84.16766,83.7365,83.9982408674485
75.5024093456249,75.31901,76.00022,78.9904023387847
82.1662845395925,81.942604,81.33536,81.376453117334
68.8622923273821,68.75061,69.043205,67.5402619224992
71.2572438440231,71.51202,71.7088,75.0939987419203
81.3058377459831,81.42793,81.524376,81.305975799366
66.8006831196641,66.847626,67.11925,66.6420452482751
80.2314555865076,80.16487,79.67881,79.3613658682963
70.2470852496979,70.32156,70.30572,72.9227756280148
84.7632533070212,84.29092,84.12629,84.2683340262261
73.3475798397366,73.11401,73.341446,77.6479705781082
65.6876668060515,65.759796,65.779305,61.2316292353144
63.6801619268876,63.522198,64.24168,62.9769486967971
82.6563985369893,82.48366,82.194374,80.8842392029855
76.2142172917413,76.294464,77.176414,77.9292091502832
83.681075407713,83.75573,83.71402,83.8433436472974
71.510599009645,71.344185,71.65672,75.7310252716379
57.8682948867151,57.579826,57.588703,59.7607249745081
66.1883855848684,65.96964,65.825066,68.9169094112924
80.5968280373929,80.72437,80.450066,79.6996732494097
66.4465078074622,66.23814,67.236305,66.8635176862696
83.8484494512882,83.661316,83.57155,83.7035653456604
71.2445849307705,71.2143,71.58685,74.2707893460174
63.8446642720862,63.95219,64.03545,62.1770438641826
69.4702646558506,69.56639,70.06545,72.1032519326746
83.2729763819964,84.005165,83.60282,83.3658314024613
84.1890721438585,84.00368,83.87147,82.9134815246198
77.8189704198765,78.00787,77.4158,69.615831631151
77.0743571650317,77.675415,79.286095,72.4977524664996
76.085552785341,75.966774,76.21669,77.7969450206225
80.2909881284141,80.17087,79.85352,79.0196118660076
62.2063475895069,62.148655,62.595383,63.480852273759
74.4596843075715,74.51937,74.37228,72.5011525208451
76.2928423996571,76.51354,76.02906,77.895773032742
79.4294893626488,79.56191,79.19159,79.71963613106
61.6998263668886,61.461674,62.008965,63.5229672532695
79.8246021612319,79.682396,79.731224,80.9301063915342
67.1743629698038,67.08506,67.45885,64.6917253105301
66.5982634656491,66.49719,67.02283,66.5478176236892
72.2519996744424,71.92588,72.759636,70.3382362840073
64.4867527552517,64.467674,65.21754,62.2257916568485
82.9291431873499,83.24959,83.44819,82.9858351980003
77.6426782433833,77.74241,77.80047,77.0792039360417
70.5973356888581,70.88128,71.00806,71.8204638927117
81.5743549956406,81.43769,81.08054,79.7096077892803
63.4831004546188,63.64471,65.07516,61.233856231005
83.9623045569201,83.88815,83.651146,83.5155037377735
66.2311831567061,66.16366,66.919304,68.9461803488412
78.9595638948978,79.145996,79.067154,76.4192978318517
81.4818466273838,81.57491,81.790535,80.8778779425864
83.719294726252,83.67648,83.251015,83.8857153651107
59.9593614117416,60.204723,60.56412,63.3866233937568
66.8403861742289,66.818054,67.38171,63.5558791711529
85.0957537313163,84.63868,84.39068,84.8661184117425
83.3241941848464,83.31452,83.615845,82.682832371088
76.6768051160357,76.765755,76.02137,73.9294096361458
64.6420254691846,64.636246,64.579994,66.8012580700648
71.2730757308513,71.31785,71.50593,75.2641624762892
65.8367794977493,65.20206,66.738014,69.3651566112037
82.3838517251778,81.98562,82.53291,81.7029404877288
82.5787453178301,83.05257,83.29558,82.9148019458272
64.8884323040315,64.84457,64.90727,66.4051861999818
83.8334547645054,83.811775,83.6357,81.3503729583182
74.9389443264905,75.10194,75.168205,76.9171644769693
63.1552569555859,63.105625,63.52605,67.1498684931425
82.4649615928334,82.44031,82.191536,81.3126289406336
56.6334730766556,56.712925,57.803337,52.8503138225607
83.6071755835949,83.55348,83.10449,83.3092558741635
84.5896418259926,85.08065,85.0583,85.3106510155387
86.0836053462971,86.2834,86.69199,86.2150973094257
66.1270196116569,65.9502,66.55409,62.121727590564
84.4346618276432,84.38124,84.10949,84.9913146521099
80.6661850012975,80.67237,80.6293,78.9652885305784
83.9357736907109,84.25227,84.37228,83.7064796671562
84.4499183952746,84.19127,84.720146,84.4627053337993
69.80622301235,69.93473,69.840324,67.0003673591994
83.231730881408,82.89323,82.82607,83.6689613103108
69.7371599287487,69.769905,70.21536,68.036794541958
83.7513850739935,83.645,83.86858,83.7375341287939
81.8506335502294,82.11508,82.54543,81.2153825233394
87.586927745891,87.37607,87.34942,87.4394905049373
80.8084149368282,80.71822,80.63168,81.5303902451087
66.80189238176,66.7635,67.35091,63.6866097351613
86.0490531288687,86.30228,86.72074,86.3779800902847
61.2835582182066,61.52862,61.784805,57.0620983633377
86.3314128088323,86.03854,86.17215,86.5558780570092
80.5759164326413,80.54255,79.68226,80.3261801776783
72.5537343131781,72.570244,72.33686,73.4140257684529
84.3452899399792,84.3034,83.77531,83.9174457381826
84.1013730606487,84.02518,83.74917,83.9896847319502
74.5196683802815,74.692314,74.6775,76.6101292755222
83.1756392855867,82.97324,82.34452,81.419711369531
82.5691840727367,82.575516,82.90268,82.8304646066183
69.0021285648819,68.89397,69.91161,64.9973401319819
86.0617739023625,86.006485,86.010574,85.0310084104252
85.8804756101881,85.967026,86.49764,84.8872928742988
83.458380441588,84.022446,84.10526,83.5608544780595
83.510210347504,83.39468,84.12879,84.1867735287169
57.1560939057188,57.173466,57.92403,60.7359882307878
84.5074318994062,85.177315,85.46505,85.1063157947891
62.7965075255342,62.989235,63.64941,69.5263257397344
74.8238258725847,74.63583,74.74152,76.4187496791256
64.9248642449553,65.148605,65.13514,63.913744172911
67.3304371720996,67.31284,68.13095,65.0886046337559
74.7897363694557,74.17588,74.49056,76.9349156182543
72.3406722868659,72.2626,72.18501,73.9553794541778
75.5572603503973,75.34203,75.22317,78.6642116411697
87.1980888144035,87.3751,87.6721,86.8817741961808
79.6877050716492,79.75744,79.07343,78.3078733302237
85.7546951664097,85.98497,86.851616,86.8694651040748
88.1013057105469,88.14541,88.39287,88.3538804466334
82.4064044854734,82.41032,82.52891,81.7539126606991
85.2259495657235,85.71558,85.994286,86.0719522491907
62.197352682344,62.23141,62.38103,58.8779016823949
66.1490588792808,66.2742,66.95237,67.6890430977149
84.6733119966537,85.0609,85.623665,86.1826974523846
80.9056389520895,80.9403,80.12716,79.3384402371952
86.0029420194396,86.26698,86.90147,87.1155858016097
85.4638095234827,85.48516,85.55466,85.493909945879
86.0309329251837,85.98798,85.56959,85.6311506339334
84.6392522486995,84.783844,84.91195,85.0178882029909
65.3105265057663,65.20884,66.44812,70.8878756612635
85.4226813638657,85.09395,84.91262,84.8299284062599
84.5415833727879,84.50316,85.49935,85.3023726053313
86.0557582815796,85.94028,85.94071,85.0599777357596
75.2736068706827,75.32915,74.853004,77.9066131200774
81.7059790392958,81.814095,81.15805,81.8844797211474
71.2232260162127,71.32408,71.52106,68.1979855827498
83.2820597760899,83.2121,82.57899,82.4956827348934
85.472772139634,85.59116,85.75745,84.5486004279726
85.4085218202423,85.61191,86.304794,85.3762145359332
72.0559173227995,71.80179,72.33013,77.9097936095745
68.9167252237823,68.826096,69.33094,64.5037895135679
66.3777232235373,66.34346,66.93494,60.3262874069239
67.8452829415271,67.80214,67.627396,74.7877963994012
75.688590786267,75.61692,75.48876,80.5206697116283
69.4856065524245,69.6324,69.699684,74.4149799779438
81.78850359079,81.663574,81.69962,81.8273850589908
67.0596225870954,66.88676,67.31551,63.3197420588327
63.6231992551656,63.82632,63.605606,65.7118892977006
66.2463469915455,66.22644,66.60426,67.1626825419913
68.1539250735492,67.93447,68.505806,70.0032463973852
85.3957229769252,85.47086,84.81418,84.8547508369442
68.3442601975848,68.23571,68.80897,69.7506167847044
88.3173520217389,88.26396,88.28753,88.0441097453434
83.2602563397342,83.27181,84.05536,82.4237693947092
66.1911742374115,66.09757,66.46223,62.8067805603858
86.149658346662,85.99814,85.83215,85.5548168752603
75.8437563228145,75.97936,75.9954,78.6419697239222
82.9690839064952,83.01696,82.34037,83.1910272624844
64.3770008132942,64.29453,64.50927,62.989679822385
84.0699424851978,83.88062,83.59635,83.2689083216111
78.4510434494673,78.37799,78.474785,76.8115537709511
66.3892711979557,66.121544,66.69364,64.2609781716468
69.9418824049958,69.88789,70.03387,67.4226170985415
85.7693012343192,85.97756,86.38267,85.9776522512575
80.1590607471104,80.16468,79.873985,81.9423242844521
84.4195342277338,84.247215,83.98911,83.4203859733478
87.343917142897,87.34944,89.187546,80.7832732757249
82.443775594121,82.46449,82.46263,82.3632039689842
80.9417056462252,80.88431,80.931404,76.9130010676577
85.4225150211486,85.218094,84.944435,84.7664118001835
71.8817554241248,71.803604,71.792595,70.8514780191162
71.0497857535135,71.1471,71.20058,76.2199121029015
72.5168646443206,72.4791,72.12869,70.4216245637885
67.4266201283731,67.32743,68.19123,63.1708289591941
67.378884184121,67.354576,67.84084,64.5151415830183
62.6269370213445,62.78859,63.489315,63.7977987091702
56.6604123883429,56.74016,57.369427,62.2657735808941
63.0868672802179,63.379444,63.2298,58.0686347527435
80.0476514145375,80.164314,80.6142,80.5288420970069
72.6444087758473,72.613174,72.6886,76.761635097639
65.7898694123978,65.78373,66.63479,57.7510365974514
71.0060817196696,70.783005,71.15857,74.7505766217819
80.7867232763189,80.81233,80.49027,78.3979126330356
67.9738175247408,68.038956,69.28315,70.3280462642991
84.9405856378958,84.68019,84.26966,83.7493518178987
79.4889563102067,79.46318,78.46942,77.1032677487349
86.2183467955942,86.195946,86.00089,85.4437246761271
84.7599820064306,84.815315,84.951225,82.8957478334299
84.9112073696738,84.953354,84.43452,84.4866486418028
69.8466615074276,69.71607,70.47705,72.9112896866466
63.1071516468447,63.122025,63.64849,58.130059135609
73.3308341048908,73.29496,73.943825,75.9833930186331
80.984524046573,80.891335,80.86056,80.2801522002651
85.0801466289532,85.290825,85.84843,85.6122134657885
69.7571748496358,69.57635,70.101814,76.1433228603787
86.5900589117061,85.907814,85.920235,85.7397946657129
67.4158551602858,67.45444,68.076225,67.5370495088059
86.528778902116,86.39427,86.05952,86.3425774865784
84.9399053777571,84.84768,84.92862,85.1932676853125
73.7431029802362,73.56798,74.003914,79.2012908670382
66.8042826217629,66.794914,67.56942,70.1106417023695
86.1804642994856,85.709816,85.43346,85.3608480261738
72.3751767091442,72.51429,72.76406,75.1916373166893
83.7140823745268,83.795876,83.340324,83.3994048158727
83.0492106827761,83.38639,83.30393,83.6111553651662
87.6810353143516,87.48266,87.538445,87.4864004029866
67.7275891208386,67.45617,67.92318,71.1165901530065
77.038258121029,77.3817,77.409904,77.4757473090201
84.5478770469098,84.97446,84.98553,84.571731458619
86.4525734707793,86.24612,85.54858,85.3796428871841
85.5047406984319,85.23037,85.13427,84.8542017201386
87.3595510718382,86.859665,87.05502,86.8877888971297
69.8494371773222,70.04913,69.76712,74.3072325852829
85.0349119712701,85.09764,85.36439,83.6943551897593
70.4834210991477,70.427315,70.7587,69.4253185081198
84.297152814067,84.21774,84.41907,83.6229946995759
85.4339716864335,85.31525,85.08805,86.8204688957089
84.6239805809287,85.07812,85.65991,86.1207999491227
80.3511766547989,80.46208,80.466934,81.8453235017367
82.4650414738619,82.44186,82.5194,83.3365405356256
79.236110642495,79.21412,79.40026,71.4331416346908
75.8958403488242,75.478615,72.550026,79.420068342361
86.4310962165501,86.18888,85.86669,85.599959637772
74.2022647156564,74.30827,73.972176,78.2354602351173
66.3745578103043,66.22117,66.5494,65.7734145947316
84.137750921457,84.12188,83.82714,84.2836610977404
84.3196601075022,84.52428,84.0541,84.704910740478
77.5922234391992,77.555756,77.881004,79.9569451068906
86.3233343595085,86.3736,86.88482,87.094320373132
84.3370780246777,84.58124,84.55967,84.6190232935645
86.0101958883368,86.001816,85.6311,84.6638320503956
86.3057930273627,86.41969,87.12356,86.6166954600599
83.2403426972209,83.65465,83.0597,82.312087675222
65.7716174208654,65.88339,66.28184,64.5125800874308
84.6158291521232,84.49666,84.15829,83.7195003950085
61.7019065076049,61.647995,61.56185,65.7026988166336
83.5993274918995,83.69662,83.40219,83.0454659853412
65.6203887202874,65.64767,66.26422,66.1388399230416
65.5797228650636,65.52902,66.18243,64.4197350994206
68.7459421452842,68.71158,68.61648,71.3316836813476
81.8866717012025,81.89479,81.960335,81.7905840162413
76.6462580691944,76.63191,76.72082,78.4832023222782
65.1264437916885,64.9912,64.98922,69.3928689951672
80.0437094563246,80.14408,79.82313,78.4892957390499
81.1252259289384,81.036224,80.983406,81.5902984121028
82.9737659875012,82.640945,82.52822,82.4945446713185
72.8171068612465,72.659035,72.60618,77.0651864738001
86.124134424504,86.166466,86.4011,84.9979701805654
81.1080432649779,81.71631,81.55903,78.9446046889931
72.449421529454,72.31947,71.59697,70.8768076737254
82.5706178776683,82.27609,82.54221,82.371293927447
75.0264472944038,74.98063,74.68075,78.8949598806857
86.2923013157717,86.15401,85.96491,85.8578436373685
61.4773510544422,61.41066,62.674976,61.4774587015155
67.4548389236662,67.54587,68.33677,70.2868250719594
87.892117616011,87.919975,88.23487,88.1083464477726
73.6464320552475,73.79794,74.07444,80.1708641016347
83.3216027238389,83.49354,82.91042,82.0217460770165
80.6253442782223,80.72007,81.12729,81.606266118228
65.6293577330006,65.739876,65.055664,71.6613360594282
63.0421098228232,62.905743,63.812435,56.3000186570832
84.644426998584,84.54922,84.787895,84.3106201026984
75.4301429027173,75.56721,75.84403,80.1296510028885
71.1680863366506,71.137596,71.4386,75.2721397351565
72.3729600796442,72.350174,71.795784,69.6081078084109
84.8285171982155,84.87901,85.25602,85.0336376612643
72.4107455547144,72.391594,72.48452,74.8125044407873
77.0674373071414,77.15085,77.64173,78.5925672981002
80.4990575342812,80.2763,80.565285,81.9026297771591
55.7941636636485,55.99867,57.678036,59.1537015190377
66.0486095277233,66.1157,66.58564,62.9068323900931
85.368227874961,85.25918,85.51221,84.9358312670821
84.5129460400743,84.42535,84.01485,83.0090523878086
63.9449557782855,64.01395,64.05301,65.0267416606652
79.7471247538112,79.76432,80.374916,79.2966259327926
85.4367360000375,85.68783,85.669556,85.3844894759007
83.9858819740594,84.11088,83.87634,84.062851711359
85.3406756309464,85.32969,85.0546,85.9977297743085
84.3256410153794,84.36831,84.56974,84.4760648677556
84.7391765328937,84.68423,84.51826,84.8856090393634
71.3347674622147,71.40515,71.039825,69.4144426470873
82.1364697327621,82.32714,82.10145,82.711342827186
70.2559614312136,69.951256,70.48011,73.3687486885481
86.0773297900161,85.94196,85.91261,85.6758442471528
86.1126785365727,86.07628,86.04264,85.2872448764865
71.1315132814773,70.86682,71.18765,73.6259584697601
79.8931067331113,79.70042,80.03295,78.9901545191358
84.7698656424684,84.88746,85.1846,84.7182279451276
72.6771442143609,72.57307,72.783676,79.3551333602701
65.9930148269292,65.97105,66.19529,68.9584274432748
85.1670215713902,85.29746,85.0544,85.2459340375548
82.2304680730685,82.22331,82.58614,83.0877857694765
81.9728086510098,81.87224,81.845024,80.8355045569978
82.626876942283,82.683235,82.19224,81.9260370930995
75.8428069847344,75.81061,75.697784,79.2934847249042
62.8139460626686,63.015045,62.67273,61.094097352096
84.515792871027,84.82072,85.346306,84.5961951280093
71.07031024739,71.12618,70.885506,74.335012871899
74.1286326015321,74.219055,73.94689,79.3212442430468
60.8270549737955,60.953056,60.87357,58.1112968489013
85.0011807066484,84.93613,84.9284,84.4625526276812
64.0004682758814,64.102135,65.13989,69.7937704691751
84.3209704490375,84.490685,85.425735,84.0569229650294
85.2394244366631,85.33477,85.34348,83.5026349837312
66.4673877568635,66.38475,67.08009,66.266033618928
74.9785964274601,74.862366,74.49824,78.0803730601081
68.9275304537805,68.95844,69.34022,66.4663325760456
64.497070396759,64.361755,65.179054,59.4992740440182
83.2052331440244,83.144684,82.95152,81.7290616123704
85.94644607106,85.72834,85.40664,84.004322248088
69.099004639477,69.20973,69.46908,70.2434636687339
84.4381045694937,84.475,84.53359,84.9915079372175
84.830914044142,85.0232,84.77229,84.0151052482584
81.2487749902315,81.142555,80.26008,78.504274363429
80.1751672337497,79.99656,80.26762,76.509476766812
84.3304682665004,84.07299,83.85016,82.8544306882608
85.8161264790004,85.92967,85.81266,85.14704539562
65.601370398673,65.69739,66.25013,63.8088357701044
87.6056452961588,87.51626,87.9019,87.7652367381006
84.1263333422264,83.90865,83.80088,82.3645888776789
67.1336040676935,67.01545,67.53735,63.4280822127497
70.1373943374367,70.105225,70.363335,73.9971567779967
64.9616686297183,64.97457,66.426315,57.9260410763917
81.1017661067249,80.77233,80.64469,79.9946807242959
85.9449812862407,85.88127,85.84705,85.8677157829799
69.1686299738877,69.218254,69.312294,69.662321473797
72.1346115846921,72.24229,71.3762,72.1333591247992
84.5182376219789,84.82563,85.16324,84.6757551196037
82.5182787156672,82.4429,81.92718,80.5097016964286
82.9826739736287,82.45534,83.64738,83.5007454017599
60.7770824450095,60.78107,61.575542,68.7859751265177
85.9653012559503,85.717545,85.44738,85.0836705476941
83.4045560553455,83.40803,82.94248,83.727521747939
85.2658452747835,85.23896,84.79575,85.1941155262688
70.5561391585253,70.718666,70.700066,72.9677500498501
85.6374815048687,85.70833,85.25918,85.2395027579487
69.7418486709226,69.6556,70.39143,66.9407278871467
83.2158582415281,83.13375,83.30834,82.7376770598827
80.9583768652509,80.94847,81.004845,81.6640397131939
86.9929361597123,87.20474,87.11564,87.6812905712505
66.6373249392041,66.512535,66.55703,64.1864678209929
85.7895196984392,85.95436,86.089355,84.3498677236301
74.1706297888237,74.03947,73.80759,77.9697161247276
69.158244702911,69.07159,69.94666,72.1686484080898
84.1177480961435,84.282295,83.77892,82.0877795372866
70.9549063667083,70.88698,70.99179,74.5667461780298
82.320262091808,82.05732,82.585655,81.7679181081596
82.2423926257916,82.09017,82.48101,83.6167774207786
83.7300889123762,83.57103,83.174736,83.5323882444246
66.2992324539312,66.23175,66.701546,68.6765501332228
84.5436489916153,84.42781,84.054,85.1185632772514
82.5013311634837,82.70455,83.82965,81.5917741800582
85.5768182278817,85.7653,86.707085,85.7749530753795
68.1716600661982,68.35278,68.85017,71.1964734380395
85.6557673085111,85.812225,86.304184,86.5600498303053
84.5821443744115,84.81689,84.69134,84.2490756178999
84.628895783149,84.751366,84.99523,84.7874765454354
84.1349389040224,84.26967,83.713936,83.5740305349415
85.4798689545813,85.70565,86.24558,86.2194776898113
85.8394272855659,85.65226,85.88912,86.2563099003527
85.9557531588267,85.65199,85.8493,85.2220722507899
82.2124522997868,82.452065,82.4918,82.172359118514
78.7448555294819,78.90765,78.8576,72.4767043758565
79.9642749022384,79.910065,79.92188,77.2103872195555
83.500766331799,83.453186,83.49667,83.6831297990335
83.0158780203605,82.8238,83.00823,82.73442344247
68.7104564581705,68.72773,68.61102,71.0589403327319
86.605603871466,86.591675,86.21418,86.7297592902649
78.0254728828872,77.86858,77.82536,78.8652669949646
84.8257442826304,84.49007,83.82632,83.5232320094536
85.7546861108112,86.574684,86.805534,86.7009071763078
67.6645091003897,67.679825,68.09086,70.2414995269884
67.0504740482561,66.98575,67.53098,65.4433152663083
81.3727180088997,81.57077,81.3894,78.5059757043482
65.4411705326961,65.33439,66.066444,66.550265936634
81.9941076720762,81.62221,81.01934,79.4532754317028
69.2353788130892,69.3424,69.656685,66.9663494634804
65.2301911627949,65.241646,66.00605,64.1630848460974
84.4915017655796,84.56117,84.37792,85.2815658359271
83.6794137403605,83.58454,83.65453,81.9342979341437
82.1033686713309,82.19718,83.01089,83.1713527262867
85.0743449705146,85.01791,84.55949,83.7503483290846
85.5363424903718,85.53977,85.9892,86.0972976027427
88.1395604928834,88.30267,88.73261,88.1695701873298
69.5320439122064,69.63032,69.83038,66.7285463988066
83.905771165337,83.97053,84.30543,84.1329381522121
72.916156653188,73.03265,72.9239,78.2394941516174
85.0657289186848,84.90088,84.77277,85.1320705294447
83.4369969982246,83.5586,83.982376,83.8852300451803
83.6530393488019,83.52627,83.320724,82.5752048367339
75.0464419770919,75.15699,75.42726,73.9790774322672
84.6842160060989,84.2516,84.15697,84.4636397636773
64.7495473696549,64.96035,65.23523,66.6460351584881
64.0762835580587,63.838356,64.75863,61.1449996439711
63.6824821382612,63.660698,63.553207,81.1220335540784
83.9644411767166,83.86244,83.58469,81.2536744262595
81.8903037765893,81.88817,81.7322,81.4275468064814
85.7782005919928,86.00144,86.35694,85.9482456900745
85.802845236352,85.80653,85.79537,86.029672974874
73.5654265454746,73.54835,74.6495,76.9260513892527
69.2256072177568,69.139656,69.169655,71.5216610285485
86.1545470915951,85.69607,85.56896,86.0118432602129
80.6950641626805,80.79779,80.31245,79.2155653154125
67.8889806723717,67.94656,68.1412,71.3237947674853
84.5479849317886,84.3658,83.90578,83.6591425929461
83.6364740089575,83.75085,83.45344,81.7693787746386
81.9907072020843,82.03786,82.03414,81.9548356658045
86.3977055203282,86.65452,86.82835,84.5810150361697
83.7918573452169,83.72735,82.68206,80.8956038462789
83.9995710396334,83.987625,83.69193,83.7542909345857
69.5910993624659,69.58977,70.040886,65.9411569089878
85.4757371195045,85.72544,85.39182,85.1469338917496
86.3042374625439,86.410835,87.050476,86.4241320448514
71.8416663350508,71.870056,71.99441,75.0208219899417
85.6018976079512,85.73314,86.27704,85.1701910817596
72.5649237258693,72.23877,72.99974,78.3362106116443
52.668004846639,52.650684,54.231213,48.1876367821511
84.939464630546,84.85065,85.14883,84.4725465413503
86.0856024395918,85.73145,85.77436,85.8678386918069
72.0407212010983,72.00225,72.90738,76.2092993908652
70.9910261164193,70.746155,71.30999,75.8170121956467
85.3777707107717,85.281944,85.707985,85.2896562255058
81.0399915749238,81.076385,80.98419,80.4147845989499
69.95623824753,70.068214,70.76928,76.6869419912476
84.2220143500696,84.11221,83.51253,83.5355334535012
69.409999015702,69.52837,70.16145,69.5374839444222
67.9370830292209,68.005035,68.75434,66.8987527953905
83.8681290795,84.05987,84.56091,84.1436019053501
86.9568761133005,86.94011,87.053215,86.2812637608686
79.2407799384845,79.30386,79.45884,76.2402128359584
84.9236279194411,84.78213,84.8281,84.8068518704848
84.8673078898864,85.11106,85.34528,85.2964991676575
84.2915704336283,84.11475,83.309494,83.3570005319983
76.5772476265597,76.61194,76.6418,79.6939950083929
81.3300033433507,81.201164,81.98832,81.8941497213091
84.756131941341,84.625206,84.37704,84.2505957173971
84.429828875838,84.48858,84.38704,84.0910177704063
86.9768617435061,86.67142,86.52897,86.0827509998072
86.5884545260712,86.53952,86.97497,86.623239798867
80.6864834941194,80.79166,81.44466,81.3827932179552
66.5540465359366,66.80292,66.11453,69.6840708168968
85.8537388637656,85.7817,86.22306,86.347470135054
78.8284095151663,78.90659,78.63854,78.2978726619595
64.5723122078664,64.283676,65.26879,63.0122195976407
84.971036743669,85.60759,85.704414,85.2305386799515
69.3385397766651,69.40978,70.70173,72.1402648313928
85.9056085955495,86.240234,86.96238,86.8402505593628
65.5234160450069,65.64581,66.43998,64.7141312625503
77.2491971386486,77.32602,77.65971,76.9044358872269
85.6089054434187,85.79958,85.29148,85.1509305620923
84.5147131119914,84.28677,83.8969,83.2572972397437
60.3006818816099,60.062313,60.663277,59.410552507287
67.8850309465012,67.76984,68.44428,74.5664683203624
84.6311512555865,84.69682,84.454094,83.8038297968264
73.5958570765606,74.06685,73.69762,78.9776302763076
85.5580299660078,85.51172,84.88,83.7426138501243
85.3981202521966,85.61855,85.70771,84.8070639622228
74.4407243255914,74.20603,74.07552,79.0741003650667
85.9107081463345,85.6102,85.496864,85.7724487387256
63.5331644386281,63.31111,64.41141,59.5844692004932
80.1778295243413,80.49416,80.38452,80.0746774302925
85.8323387767634,86.136826,86.96111,86.4184176689675
85.8932693484974,86.222176,86.51185,86.2412652665829
79.7662020166222,79.65425,80.65015,83.402630155079
80.817306555675,80.87689,80.726845,78.349877583344
83.6223985186378,84.14265,84.10613,84.4859585728961
67.8254999984357,67.76659,68.55829,68.0167670546668
82.8274799002672,82.80595,82.93371,81.9216489310927
67.8924438647191,68.156654,68.19303,75.2644203479258
83.3683463256889,83.10353,83.07551,82.9328206164782
84.0022884856355,83.956406,83.643776,83.6597884557527
78.0689052841701,78.166016,77.98751,82.0721899859751
70.1417515047237,70.08706,70.41798,69.0746947307342
75.9473098444889,76.09871,76.45583,78.8863624141794
69.5278829244185,69.48763,70.31014,73.7660115636173
67.5240014788548,67.57915,67.900314,71.9283078773705
81.4149661420468,81.45579,80.89366,79.1396114905587
81.7121783618226,81.649826,80.95289,80.9889412695716
85.5843144482941,85.39021,85.61265,85.8765134623725
84.8051860913467,84.437126,84.18525,84.2135615905186
72.6251441628438,72.57404,72.56443,75.6851686494603
87.55017810194,87.51174,87.37821,87.3427318709982
71.3440311404342,71.34167,71.45171,73.601867181192
77.9733218685506,77.979416,77.71443,81.5412969665193
64.1529637580244,64.345924,64.32348,65.6044073926027
84.2731321039193,84.14581,83.81699,82.984867757376
80.8469870744846,80.885796,81.54658,79.6826121628912
70.022490779771,70.12732,70.13123,67.7535365470065
83.1704105697287,83.3217,83.259514,83.8062647248191
68.8938767317365,68.61027,69.352005,71.9983446927166
84.4891555198043,84.460045,84.155205,83.4846417413062
86.1185308124315,85.8714,85.57087,85.7058904874812
84.8668363830248,84.75587,85.28261,84.6120129108465
78.2260554893956,78.299126,78.06829,81.3913605194602
82.1836248307249,82.07823,81.36718,80.6985676958523
83.7929156360354,83.89393,83.14187,80.7085938435163
76.0710559105508,76.0537,75.95313,78.5157603423549
69.4756277288661,69.42237,69.7998,69.5089258928855
82.8016073840096,82.87155,83.13329,82.6206152491489
85.096076185097,84.89176,84.696495,84.2085697507343
84.6833433915113,84.910835,85.27076,85.4216944741864
85.118050613291,85.26068,84.37376,85.1055683643337
68.5037726985137,68.45875,68.72657,64.8084077850774
85.6597308612126,85.390045,85.11654,85.1434277944369
81.3312123713221,81.408325,81.13105,81.0105759321481
81.6269868423739,81.618965,82.17908,80.2029706199107
61.5330351877585,61.7748,61.633,64.8080967252937
84.7040178006518,84.67046,84.88514,83.3117619050952
66.1993098824355,66.408104,66.956856,66.2290304085225
80.3467858795312,80.39845,80.13868,76.9014447717925
63.8687326096193,64.076004,64.50776,66.4915273697953
70.9255296714234,70.81348,71.88624,77.5855660210526
73.3901698172535,73.2733,73.87984,78.4453291119273
83.1689800096285,83.325645,83.41865,83.071274728992
82.1003743427092,82.04858,83.137886,80.5995111997995
85.1398257763897,85.27153,85.80126,85.3825010245304
79.125424462832,79.28492,79.04263,79.555694962924
69.6840517960205,69.84252,70.459724,68.752317559681
68.6536196569118,68.58323,68.933876,64.9526570194214
67.6413182309293,67.685005,67.78396,70.6303610189489
80.93129867192,81.045395,80.67138,78.7759163499185
80.6667536985858,80.82066,82.24281,78.3370676868807
86.6671451544383,86.41412,86.39794,86.1297485942984
68.3293936927597,68.49142,68.04377,76.3589880261138
84.2240166898677,84.17731,84.6746,83.4213121018776
75.2123425992228,75.05031,75.476265,74.5563401599739
85.6278483143511,85.58005,85.32552,85.0312702586786
72.0403194281893,72.045456,72.130486,72.6610398133283
86.8690562538886,86.91228,87.74922,86.2586373653379
69.3597232119779,68.88049,69.05236,73.638036298809
86.4229675961965,86.59274,86.70628,86.4934060183005
87.2725852655645,87.24699,87.4849,84.9640291988855
72.5889295137558,72.61496,72.77628,75.9640785530831
55.9623221014916,55.909897,57.35625,52.6444092434114
85.2684185778057,85.23525,85.54412,85.8900440098238
86.5623782235943,86.5315,86.39571,86.4277311323004
54.1161784498245,53.849247,54.45019,62.3080413999281
64.2953987138567,64.43972,65.41237,64.0549533589358
82.3193795130931,82.29528,81.991165,82.8205936166374
85.7758073132972,85.788765,86.221565,86.1351875640093
71.9716514691224,72.0148,71.40058,78.823650058854
63.9702646893551,63.868214,64.6952,72.5651042504423
83.2746082577941,83.358894,82.5101,82.8627067871841
84.3145098592997,84.30775,84.15481,83.8288640006961
81.8663058231728,81.976654,82.01075,81.6546737904141
66.4658381340581,66.67667,67.06065,65.3093616320943
72.3418725425349,72.28899,71.89355,68.6356325372034
66.8475195850261,67.13171,67.72464,68.5526564547119
86.2715071469064,86.16552,85.75265,85.9836014952959
87.65558541354,86.92204,87.29858,86.557869008269
78.1169443214921,78.049774,78.2317,78.8668534422099
83.660012684272,83.85447,83.561676,83.8528826129536
85.6372590243292,85.85398,86.175575,86.4027096776613
83.5222303758641,83.11759,81.88303,80.8030195067497
76.6396945000722,76.77557,76.76818,78.3882588232868
87.2219597910336,86.805275,86.66218,86.1997150465594
85.6445997001911,85.73781,86.4927,85.7463737805217
82.709713061607,82.66641,83.34734,82.8236349936953
81.9878712828039,82.1524,82.322266,83.0921654695572
83.3075820179012,83.167015,83.045,82.2563691489417
67.8611196105383,67.772675,68.48356,74.8047179628415
66.2444056762591,66.32833,67.38264,68.712815284989
82.5194595469491,82.62343,82.0461,81.8733619587989
83.5204088022756,83.31029,83.98896,82.0225044172702
69.4801776917502,69.51475,69.85273,69.6475071676713
81.1227580299598,80.959114,80.65409,79.0289547960564
66.569081451786,66.65885,67.596275,75.0404271519844
81.713607973206,81.662,82.60049,80.0200521571026
87.1469336688587,87.13198,86.92032,86.9859205641424
87.095743254405,86.77286,86.569664,86.2755571659055
79.5216425465638,79.7019,79.86935,79.2014905272325
72.4646193502964,72.293175,72.66572,75.8741544943293
79.4065839796963,79.411,79.005936,75.2014790488905
82.4885596443993,82.39897,82.659325,82.9368909491607
82.9784634439533,83.21437,83.21844,83.6593413074836
87.3408761959282,87.073685,86.95139,86.203120388862
83.086565080012,83.310455,83.44918,83.4022118017801
73.3492680026735,73.4584,73.01408,78.6823709527043
86.7152622134423,86.682365,87.76458,86.4709872574995
75.5937332513853,75.51193,75.726326,79.6453417431564
73.4724749638889,73.421326,73.24467,75.6929150369907
69.085414680904,69.40821,69.8726,71.7964975714114
86.2802130992573,85.88357,85.85369,85.818029735337
65.8136938643242,65.79978,67.059746,73.9387598607701
78.3218384154459,78.419106,79.28481,76.9116660417961
67.5993940585331,67.63338,68.21033,56.1930471749757
81.228815747054,81.48291,82.1343,80.6926337285438
60.6801029827867,60.783947,59.920956,64.6030736136976
85.9947431857533,86.289375,86.90348,85.9578366688343
72.018372694925,71.98695,72.157005,75.0879413584154
86.1562597086796,86.07328,85.967514,86.4008876180497
86.4027695385724,86.36636,86.22648,86.5766265676467
85.8804040450548,85.89472,86.3581,84.583882395094
65.2774254732067,65.18935,65.950615,73.7826577254174
80.792521403394,80.61628,81.19021,80.315798389316
84.1643463189852,84.31141,85.07963,85.2120023769188
84.3504458663051,84.74269,85.20309,85.2542514138978
84.3304067944883,84.18856,83.824394,83.1260462461183
86.587502750939,86.76595,86.280876,85.9935456992106
66.5549615335862,66.84318,67.11869,70.5208656301702
84.1922676191962,84.27462,84.59371,84.1786680669893
63.152769713368,63.47664,63.920216,66.8951110748339
69.8065530811551,69.4288,70.54949,72.9532083537842
87.5106278451291,87.42289,87.51145,87.9151575293141
77.9288676601423,78.01018,78.02802,82.5064256442179
74.5762764103321,74.674416,74.53308,76.4782353510991
61.9119797026734,61.95906,62.067883,64.3686968782215
69.9668624323589,70.0124,70.59612,73.5955306777094
83.8451560031903,83.90059,84.7601,83.9137069459339
69.5461833643456,69.6898,70.3028,66.2884315880123
72.6455839780829,72.83118,72.87487,76.3839776454394
86.5186844033242,86.38599,86.116646,84.9850422202327
86.3817653635536,86.48642,87.131874,87.1191406115264
83.9093106562898,83.55359,83.535675,82.8696827165377
84.6502311914566,84.53963,84.50998,84.4899788580126
82.2143726879873,82.33,82.78294,82.0646916171102
82.8583856103301,82.74706,83.263016,85.0510351507308
69.5991996996468,69.606346,69.5718,73.4241725400928
62.5492362208829,62.564964,63.95037,58.3440431144624
66.0953280590203,66.16498,66.8924,66.316242729642
83.0733699519167,83.26486,83.21575,82.2103831543161
86.0346702634017,86.37416,86.99099,86.4988211412666
85.07180978217,84.86443,84.426506,84.1401631023312
71.0247703257203,70.95108,70.73028,77.5741195361314
86.1525539484555,85.739105,85.39755,85.825347284769
85.2671326476089,85.18398,85.09368,84.0545238649504
85.0767732273899,85.06865,85.26353,83.7239780617139
83.6336242759924,83.30416,83.12361,82.1451103315585
80.9584531780301,81.076645,82.030205,82.7526331453819
79.1140660681577,79.31241,78.50751,77.3318218779548
82.3850061273502,82.28032,82.26851,81.375019417846
62.1675161529637,62.3927,62.523315,67.0678282201728
68.857795545688,68.85205,69.55148,71.223042662228
67.8155473004678,67.80125,68.1047,70.1913116413568
69.6007970862552,69.668915,69.566,72.6481454357217
65.0224042379166,65.00585,65.48495,64.8903452136784
88.0545862052316,88.0807,88.473595,87.690515631388
75.0018824413482,75.09598,74.98655,77.7321151713749
69.6162548149889,69.66902,69.944176,70.35323801372
84.4645364973079,84.37555,84.386566,84.779976468392
85.2283581998528,85.33872,84.40502,84.1739744584992
83.3711611168149,83.451744,83.21981,82.1933470174586
69.1350255694861,69.225914,69.38191,71.3669687076351
70.3562028975207,70.246254,70.26191,70.2452383577214
83.6358596899268,83.63285,83.498535,84.1583474162592
86.336950142948,85.696686,85.7208,85.8405480842843
86.532314312781,86.280624,86.043724,85.5577440070036
83.0104536477852,82.965706,83.18305,83.6490492838957
67.0126162064824,66.93979,67.85033,72.631167893395
74.2904588490032,74.37225,74.89662,78.4956126748711
83.4102721767904,83.23023,83.596016,83.461638725546
80.2921460726673,80.05155,80.32574,80.8817609372012
62.530134003549,62.42802,63.542652,61.6007414756504
84.9994553978781,85.415665,85.68685,85.9775469060803
74.2335790956069,73.96369,74.26363,79.9172338911648
85.299675960852,85.374954,85.41967,84.911788752475
71.6415654423604,71.78485,72.210175,75.3202473683087
67.1602738238908,67.05859,68.407326,67.2007659320178
86.105870177634,86.03522,85.58612,85.6115794156783
85.2190911700335,85.41239,85.28506,86.1742683911685
84.848365790716,84.69883,83.76046,83.9996943046308
64.0177425547413,64.0054,64.60363,58.9923305996088
72.7384166671626,72.80357,73.8104,71.7361386419969
60.629095904353,60.783062,61.039577,57.7220990276767
67.6381094876256,67.82181,68.30149,68.2938329901004
75.5313857220121,75.52657,75.15653,79.2959809381674
65.6833518502178,65.686745,66.31559,66.213197827721
85.085665372518,85.15445,85.519936,86.0803758949204
81.2374692263304,81.29853,81.52074,82.8975100274732
74.9275552276922,74.74129,75.00863,77.1551935010746
66.1798592227951,66.27064,66.52317,62.1212017996343
75.0257766379569,75.27864,74.77613,78.4498994260979
69.4951213155114,69.14427,70.35476,70.9886242364502
83.4006288981235,83.39819,83.3915,81.8384086492711
86.1235985500495,85.625244,85.77712,86.1224568971931
80.5295967887298,80.543816,80.42158,79.8791291153649
69.583610763709,69.43929,69.93096,71.6598440177559
62.7964150995924,62.55868,63.300182,62.7209757737697
85.2986542102743,85.17965,83.94878,82.6346418077937
84.9546321089484,84.71982,84.677925,85.1668778685327
70.0397736733749,69.92427,70.67672,75.220633866485
67.4180679518138,67.27766,67.89694,62.7878186268498
86.4126862909194,86.11235,85.71446,85.2796485003722
79.4102712888289,79.31959,78.31156,77.5122494140386
82.1449670658351,82.15224,82.48507,82.3172726357173
70.7417857883917,70.65654,71.14207,77.1417475624839
62.5286508923685,62.568954,63.18001,60.7374471501152
66.9822355360607,66.83373,68.079,66.8020157522395
79.0528252294748,79.01488,79.19056,82.4599471005253
76.4788999601223,76.37143,76.132835,78.89282775507
66.9573985621177,67.15344,67.492325,62.299882338023
65.9840842288924,65.90961,66.05316,70.8263937468171
71.9985851783881,72.13041,71.89385,77.2590584936454
82.17371870015,82.1327,81.87008,81.6408572928609
78.6997241972607,78.64462,79.33738,81.747691189016
66.8299127193348,66.74724,67.94282,62.7816800800794
82.6721787953777,82.56834,82.288345,79.8247860857924
84.5779783094944,84.645805,84.342064,84.7923538888686
84.5194217670988,84.335724,83.461266,83.9382451012557
84.8034663849675,84.730774,84.63831,84.2098572269469
84.4609326000048,85.03707,85.16706,84.9991407732678
82.4714047816659,82.38032,82.67182,82.2529447474692
83.2275797172083,83.2003,82.88332,82.5887759359267
82.8976129790511,82.561745,82.15628,78.8389451589935
66.912918616486,67.04968,67.42091,67.2261611366877
69.8077648170399,69.8943,69.777016,66.9912240117212
86.6977056531249,86.58116,86.7197,85.4381361487765
77.7081850057723,77.81148,77.2531,81.0609419541538
55.9987922611205,55.89782,57.711964,55.9923809331309
84.6113532289623,84.6011,84.617966,83.350340153147
87.4341660837152,87.09447,87.04536,86.8884576630775
84.3303611809183,84.7766,84.964424,84.6624170122958
76.7965931486623,77.039795,76.73352,79.6618564597931
83.5503659114496,83.65238,83.554,82.6745986825324
85.6954569344338,85.54295,85.231735,85.1354125057951
88.9269177216152,89.13875,91.17813,89.6039197426349
83.7212238841319,83.70816,83.405846,82.8906090197609
80.8883183780613,81.443,81.85501,80.2809149539289
85.4875992673796,85.56391,85.067894,84.9690952806193
67.4922345609397,67.19939,67.80681,81.7318412333054
68.2703797591251,68.47528,68.668625,67.4982618847958
69.5757933574468,69.57913,69.67796,70.6540767754171
87.2319058339071,87.25156,87.331276,86.7201733325145
73.9109323255669,73.91114,73.34234,78.5473473378998
84.3166119181799,84.74867,85.3715,84.7144862095578
69.3740780265538,69.3631,69.406876,74.9908911346573
81.182845690595,81.335106,81.04644,80.6015084837971
83.7991079346967,83.61359,83.35276,83.728673636909
83.9264097833724,84.194,84.06419,84.2150746459585
85.0644840186821,85.34184,85.93394,85.5924253002171
83.8308348250127,83.597466,83.59667,81.2446719982124
70.5732537807094,70.38548,70.70255,68.410171087216
82.9674125037591,82.6027,82.389534,82.3692105729518
85.3114659731235,85.297714,85.57661,84.8133660593126
85.0444667974494,85.03379,84.37014,85.0994182462995
85.4850252946531,85.23507,84.90687,84.6562806597291
83.240693433827,83.56544,83.29313,83.0891046259477
83.7630850489906,83.87718,84.83717,83.9286272639461
84.0497577553426,84.12598,84.04514,83.6347252740288
84.6875660259927,84.74789,84.98385,85.6187106071442
74.1208916996398,74.08381,73.48613,77.2940937496466
83.9454296074231,83.711365,83.459694,83.3247570735725
71.2665288366689,71.442444,70.929085,76.0647579392197
82.4737007166807,82.43966,81.9593,80.6482133451568
61.9456725812445,62.06264,63.067944,68.6273108628442
69.9991709223016,69.98229,69.93662,66.4367549697259
85.0948939752858,85.20375,85.03025,84.5371100096458
79.5454483219094,79.48869,79.95228,79.9921931098978
84.3197895830455,84.07074,84.09991,84.8566924891556
77.6962107739184,77.72624,77.09278,75.4104229021741
67.5180924308377,67.29772,68.024826,64.0182913919118
83.3801591248829,83.369385,83.642166,82.0570828086132
83.6562605043101,83.5969,83.23146,83.2933630674566
79.79947702331,80.0891,79.43965,81.6167517118056
81.7268763350413,81.62391,81.07189,82.3619653910837
81.0666896306687,81.210846,81.20258,79.5352367549613
82.3425657688285,82.32509,82.37353,81.3197853469159
83.1792909969914,83.021736,82.73963,80.9884109957619
83.1592835426286,83.05127,82.52256,81.1362544461761
66.8256523487516,66.61787,67.241936,64.9327671654262
85.013539086994,85.13884,85.85159,85.095103818459
67.6550486588326,67.65752,68.11373,63.8928505956144
84.7216849607865,84.58597,84.26008,83.8743271390591
81.4704341002693,81.33509,81.59672,80.8111874666139
81.2440014764604,81.29384,81.4656,80.2455188786718
84.8494733246368,84.864296,84.67742,84.3574532621064
67.3868431046246,67.4572,67.464195,72.974789959458
66.4158445481647,66.398796,66.923515,74.3564947374483
67.7359552665201,67.50575,68.47119,71.3398215284411
80.2745382371399,80.37505,80.1642,79.2596570997671
84.5463805503768,84.17353,83.61584,83.2862239945655
81.4014602737705,81.20559,80.822174,80.4862169416987
82.8066841863554,82.89042,82.478,83.3095851359857
63.4544692694441,63.49206,64.19717,64.0159754932784
79.3275318316908,79.350426,79.16511,80.3027586946026
77.0020709468054,77.18926,76.919655,78.5767340511527
85.6430828816312,85.91725,87.039406,86.5508404203927
61.7907940504095,61.689323,62.714394,58.770006223088
85.0047956455194,85.1446,84.82633,85.6818430512658
71.6827425591745,71.61089,71.22712,73.2181595049414
83.7835514952224,84.165016,83.9359,84.3855017712301
85.1753649854061,85.23535,84.6643,84.8250877865797
84.4630908237957,84.14048,84.113365,83.6416792341198
81.873183197723,81.86508,82.119026,79.5315225892546
84.8689418221397,84.627174,84.19111,84.3065481503797
76.8696884114762,76.919426,77.39321,76.5934132737538
84.2370949470424,84.103355,84.212975,83.5379927647232
82.627519198588,83.21838,82.88424,82.312695801443
74.9236459177074,74.70863,74.855194,75.6169118105491
87.2018069885217,86.98548,87.358376,86.1395174510206
67.3632808152734,67.05855,67.60864,67.8001856105272
59.6521511190609,59.789917,60.25518,61.9617863009727
82.0423132490577,81.804596,80.959724,79.8238314949084
83.6946215791022,83.638306,83.8022,84.6322832938758
65.976216812794,66.01492,66.59976,66.9084166557506
80.7067236522971,80.683754,80.72973,79.4640488779091
74.1777883648864,74.20145,74.21058,77.4925394378751
68.8833687246364,69.09549,68.91185,68.7969159284906
71.83150026486,71.81978,70.51415,74.9344138361855
73.3561896389867,73.06055,73.93573,76.9280498777438
68.0230922311252,68.050995,68.72922,70.0541448236945
79.6119554672801,79.832436,79.788124,80.776274072013
80.0724007995231,79.97192,80.288956,79.9503738152165
84.266866863305,84.6392,84.92633,84.9515184834316
83.7023922788417,83.29154,83.43401,83.4352065707631
84.3763728768606,84.36298,83.00829,81.9479511805758
84.6569295736316,85.089516,85.30133,85.5648966032844
82.9758309915044,83.62238,83.54679,84.1378446446959
86.6182265628996,86.6087,87.84884,86.8345980544603
79.626600609185,79.50695,79.25594,77.9723319325237
84.4930704886455,84.45368,84.8624,84.3484273559156
72.2898082536592,72.648796,72.71786,76.3407548754905
81.8748906627526,81.754616,81.91481,82.6251159780921
75.7860574511681,75.757355,75.641075,78.2989411570931
85.6107459939784,85.55245,86.11994,85.5947239948295
87.1222589513347,86.91962,86.63418,85.6642500767037
85.4440370629654,85.55343,86.255165,85.241959235207
74.4078333228454,74.35025,74.099556,77.5871773080848
82.3131316319149,82.16223,82.76801,73.8346105353301
85.0900563395829,85.09579,85.15709,85.1175561153934
65.881902013008,65.88139,66.42997,68.8007199817483
70.6657534349083,70.56331,70.85819,66.6532342866028
80.0859774221397,79.787796,80.1181,80.0532306534803
84.8657976461674,85.26252,85.62969,85.4170051788289
68.4266393665004,68.56039,68.30174,67.5521212258403
72.8217247770402,72.90982,72.7995,75.304368850449
86.4740327680341,86.39766,86.32071,86.6293164185616
72.654414797134,72.51962,72.56685,70.7396024155252
83.4412248629317,83.53629,82.91195,83.2279440390567
70.8212613451649,70.85599,70.87946,72.9015141566242
79.0090331937353,78.87824,79.32536,79.7490117242943
84.8464154024626,85.21125,85.82136,85.6986606998778
65.5766373426916,65.86551,65.623375,70.4481460236074
84.257447201923,84.57866,84.84717,84.9083945158263
83.2648231155827,83.33064,83.42077,82.5815005906503
82.0787851452644,82.51818,82.48179,81.391092183045
84.5407397918194,84.40412,85.01461,84.3687156493977
87.1690511156745,87.16081,87.41909,86.3610384505835
85.1986515729065,85.46726,85.94967,85.539276298866
73.6306507600068,73.36454,73.69448,76.9475425843219
76.3366623269327,76.41855,76.58108,77.7781309711683
71.2632338932848,71.152855,72.04466,74.9787865267525
84.1527004001068,84.13872,84.47904,82.3660999808773
75.9413254913923,75.92159,76.53251,73.1481600240916
73.0316719763578,72.92529,72.68042,76.3377207476234
64.2876396932352,64.31148,64.43541,61.048100411245
71.1224051664713,70.89147,70.866325,72.0707731761452
83.4651334807927,83.78194,83.84344,83.5076513660921
70.401792144665,70.32866,70.27317,68.9447672391974
67.7666017930321,67.79559,67.741486,66.3015516517732
68.9495530003721,68.90199,69.039406,74.0520710101417
85.9574232995257,85.40775,85.22494,85.0007637828685
83.2801647421058,83.28842,82.971306,83.3113352009217
82.175314414019,82.1319,81.826836,82.9598592566507
81.7771545775953,82.146095,82.62792,82.5503989271536
81.443313083625,81.370575,80.776024,80.0885841586838
81.3541486781087,81.459236,81.13845,79.1093796201092
85.0843863295306,85.11655,84.91068,85.7565142080464
84.0878873466933,84.04697,84.034546,83.655988554511
63.8813866218809,63.87363,65.02163,66.7364514387418
79.2511264443484,78.99407,79.30148,80.5038790740762
74.7411477302948,74.71739,75.24198,76.4655850754176
86.2088539634424,86.32443,87.55467,86.523500969332
79.5324513185996,79.39989,79.54639,80.3953122425231
84.1232815494297,84.3507,84.66204,84.7634669282556
82.3505319755135,82.30869,82.24122,82.7880683137314
67.8135054553378,67.7815,67.97675,65.9124908212315
81.0999229585979,81.35492,81.52595,80.0759407467563
83.7509386460605,83.532776,84.20628,83.8608990413632
63.2347991181793,63.215607,63.488636,60.3839335380004
61.676942540436,61.711746,62.60973,67.4048780891583
85.7977831058285,85.70655,85.185936,85.0784349084351
84.1696464040802,83.87884,83.640205,83.799970064813
84.6499291619417,84.29648,83.78641,83.8491812174976
69.1246984413301,69.161995,69.79328,66.919311033313
75.41810772492,75.62025,75.385506,78.5412653437971
83.1904231468549,83.52974,83.74176,83.7993206445112
84.252776183649,84.036865,83.45904,81.4075680802772
82.508828193131,82.47937,82.22115,80.6791454818943
77.5856937157868,77.66427,78.034935,79.0731741671312
58.7100432892683,58.624638,59.679024,64.3342980225791
64.6437679350612,64.66052,65.04566,63.7311982417343
85.9130271725604,85.387566,85.32117,85.5684923635228
84.1825376881337,83.9981,83.62896,83.2920154536573
76.0761870177517,76.012665,75.664536,78.5061164362282
71.6954936035564,71.43039,71.82383,76.4778199256513
82.192567583898,82.00696,82.25111,82.8514249837564
83.5358845337066,83.561,84.505165,89.6581776848473
87.0207396326321,87.22145,87.45879,86.6458753924284
84.0813261331721,83.9761,83.42191,83.8589639603852
69.810157862667,70.042175,69.90455,74.9295788225371
85.03483773421,84.98413,84.70269,84.7037498851688
80.131897879374,80.22329,79.80926,78.911412423662
84.0002482198152,83.75513,84.006996,82.7310197826301
72.9570964247439,73.228264,72.72931,76.2796183079382
70.7829023115599,70.62329,70.64152,71.176728196636
77.6133344079082,77.5778,78.055176,78.6460274457225
68.4856038941418,68.66148,68.58303,71.3591384761166
71.4819905495162,71.63281,70.898575,74.6234266962702
84.0461183420715,83.96889,83.85081,83.2706412695566
84.5739547845714,84.607994,84.99808,84.8229088307508
67.7439127831703,67.57898,68.12811,66.4228345840145
70.9457184333202,71.018684,70.380806,71.4017816945301
76.6940438965802,76.46233,76.575676,77.6679138042929
83.6278967180022,83.55944,83.13754,82.3453492036938
83.8091425565953,84.11366,84.07697,84.4472074917915
84.163154826139,83.881165,84.02685,83.6640989133402
82.5345176167354,82.67535,82.49049,82.4707317413634
81.2336422703809,81.04312,81.08348,80.6106671829575
84.0826428252276,83.75031,83.784004,84.0729600378076
66.6821041299494,66.81801,67.29684,65.4276264149727
85.4357656689473,85.34993,84.964325,84.5887849521131
84.2463838114508,84.04595,84.26365,84.2550167765362
67.4349896562012,67.23575,67.45556,64.147822440655
85.4781754976678,85.495155,85.33804,84.7870007349381
76.0860904274756,75.98422,76.00842,74.5973138549953
69.9420633655359,69.95056,69.73836,70.2979000204958
86.1117092004662,86.07055,85.58224,85.5691757071417
73.9041690213462,73.88772,73.36117,76.2985240331534
83.0898953818664,83.17666,83.43055,83.5336582157717
76.1206832968037,75.784546,75.81219,78.1355498860822
72.0783317900513,72.03415,72.68487,75.4892673456248
77.3060195208913,77.12269,77.10559,79.0790487406513
83.0067606739641,83.03801,82.45901,83.3535809459338
81.1989765225032,81.49137,82.03259,81.6509540465083
82.1772136705847,82.182976,82.289856,81.9319510561437
84.0855163378818,83.927765,84.05662,83.8629054144833
82.5759646616771,82.289764,82.2645,82.0166422251978
84.1633771059064,83.8672,83.68552,82.913691964476
84.3972733203098,84.736145,87.21862,77.2533300046815
83.9895865711541,84.5661,84.65931,84.109948266761
84.8384190640484,84.7785,84.122795,83.8628590711963
71.4690192384031,71.634,72.06587,73.8819637388924
83.4457253931067,83.30525,83.71269,79.1780431445499
81.5056403634711,81.43011,81.18229,80.5009975318618
83.9668448981813,83.94799,84.33068,83.5096156722301
77.0933525873383,77.2362,76.81199,80.3364545569302
85.6901021315299,85.6432,85.77218,84.9430068507898
61.0978312530521,61.03705,62.292267,63.3408659953616
84.2093419801615,84.231636,83.858696,84.3770064359326
83.4027706978335,83.55043,83.67263,83.7762755691234
82.4222457751954,82.36684,82.612206,82.7968846127818
78.2055709590215,78.26041,77.49439,79.5736096269454
85.7073196773878,85.75766,85.1025,85.4993943138721
65.5141131420072,65.47955,65.96203,64.9183991333363
83.1785303927077,83.47968,84.26437,82.8851992969377
82.5643035867161,82.40986,82.30561,82.4488205168224
79.5158320052683,79.599655,78.79879,73.0627445271048
67.7899070272767,67.760414,67.72652,69.5933602266921
85.5253291066166,84.65861,84.758965,84.6695449240324
84.2013398949509,83.94032,84.05705,84.3494710292332
84.9867357811722,84.99425,84.52828,85.2214804384699
66.3922380180971,66.395874,66.794,61.7000932287289
82.9470170911254,82.902306,82.520035,82.178866787618
76.0101710209206,75.945335,76.4903,73.7531702888864
71.5931737211228,71.64888,71.140495,71.9007409763474
81.8360981190074,81.73533,82.206314,80.9636303255702
69.3094490725107,69.332344,69.249306,66.023471255851
85.0994403951597,85.17641,85.929405,84.8729085487773
69.9355210983427,69.98498,69.53217,66.1029725292063
81.7397788462967,81.54436,82.408424,82.0593582105416
84.1378515221419,84.383446,85.09113,84.644019387469
72.432152715264,72.08588,72.58012,76.4415486604582
83.0524394941833,83.58915,83.930176,82.926579254406
71.7633603564474,71.74575,71.51359,74.5168937902094
70.2369696433443,70.3701,70.40568,70.223416951931
81.2055883051138,81.28388,80.69819,81.4476162484926
79.1901572547586,79.18938,79.39955,78.7228473158572
80.2145259839783,80.143364,80.19738,79.5845609991825
82.0970971657883,82.745705,82.62993,81.9752140764629
74.4892725662842,74.74809,73.954605,77.3041046727123
79.9532644892637,80.25253,79.790276,76.8567492620558
85.517026193805,85.807175,86.478584,85.5842976581582
74.9055830589782,75.12823,74.71877,79.1341979844688
82.4094979211307,82.42589,82.07649,82.2530681669719
67.5442261265812,67.51977,68.28466,65.0809296638064
60.7225450341526,60.89331,61.90295,60.6889698329887
83.4693668725853,83.54065,83.243385,81.9518992588295
78.0616012467114,77.93992,77.782326,77.9504530063415
82.2657906178536,82.114,82.2967,80.2507841214829
79.4235872896748,79.53324,78.72213,80.7886574519846
87.5210568809929,87.20178,87.21396,87.0566882912109
81.2426890697393,81.24112,80.77687,80.0346464962897
82.6932594968635,82.75161,82.789925,82.5065846270028
84.4586326326188,84.18538,83.908455,84.4104735443676
84.5911878713127,84.2038,83.78939,84.6252623065216
82.9242160958297,82.91195,82.65621,76.7647615846793
84.1574398296668,84.452896,84.97471,84.7125528474907
59.088553210083,59.048195,60.22298,63.2706271679683
62.8119635344828,62.923916,63.44624,60.6850781074574
76.5788882194766,76.44735,76.879524,72.2812209235921
80.9837964844751,80.751205,80.90335,79.778882416663
82.6485392721169,81.99788,81.626015,79.7697862152907
85.1582792897559,85.163704,84.941505,85.0655376435966
69.6384097460365,69.58559,69.99066,69.7746576598966
70.9534365204314,71.026024,70.55064,68.2782263288026
76.1484403118937,76.235466,76.19746,78.3439557206985
83.3786117799603,83.77716,84.4656,83.3161223475797
83.6019991720935,83.66878,83.48871,83.1529727572213
59.9927362882258,60.148064,60.41867,65.3499657210711
82.4003650462157,82.383194,82.313225,81.5733866959323
82.420211362456,82.32836,82.453255,81.1297561006323
86.9013195190614,86.90676,87.246414,87.0823492456497
70.2025154099017,70.29477,70.23619,73.2891993286768
81.1679112780084,81.0682,81.23844,80.2847158388193
80.7422818614197,80.90195,80.54051,82.9515463285575
65.8167747011712,65.643654,66.41465,67.1786557992598
73.1133852501902,73.20788,73.08309,76.9086741616368
82.8162463926906,82.97061,83.76113,82.572191762706
70.8921182006421,70.96028,70.62638,70.6038835331283
58.6578728116368,58.6589,59.94411,57.786109861449
69.6695725335364,69.66874,69.64494,71.5822554873152
86.2323481263751,86.36808,87.2239,86.8834125144446
82.0115873801118,81.90046,81.80566,82.2225309686099
80.3612171602148,80.34906,80.416695,82.7366721358196
69.6698519382809,69.808784,70.35574,76.1616420523386
64.4538645800359,64.78709,64.927345,69.3241480968564
84.4428212209657,84.72117,84.97462,84.5520839220263
72.3940211521765,72.46766,72.523384,77.5059910239772
71.9693369840055,71.86639,72.20658,73.4102584093966
67.6742333692649,67.902534,67.55085,69.6051907598854
65.7000950932776,65.63546,65.692406,65.7899330500802
60.0697253734265,60.176884,61.30707,64.0943749697747
84.623746316352,84.42028,84.68831,83.9113361819465
81.975215600396,82.03768,81.72102,80.6889621640363
65.1609784672958,64.93712,65.73678,66.4847679790177
83.4402398021014,83.35554,82.7671,83.4392159425985
84.5668574051167,84.88281,85.2388,85.3114702452537
85.0401618755956,85.10869,84.792274,84.0447339496503
77.0072323202186,77.21805,75.848885,75.6011220435646
82.2080950194367,82.214386,82.57985,82.6752096653984
81.1168438779163,80.95211,81.31761,79.9765584422936
64.9744463586842,64.80382,65.36123,60.8366571017264
84.6494601710467,84.68595,85.017494,84.7193423335139
82.8951691311399,83.0947,83.80755,83.1991108144687
83.8796846267532,84.0552,84.55901,84.5105134680485
71.6351513587245,71.65591,71.46783,73.3219809899515
85.4422237022825,85.548416,85.72361,84.8254663651298
85.3184682153176,85.38624,84.72671,84.9691027755556
82.2293791944256,82.21662,82.14178,80.9943575266765
67.9914330767481,68.01997,68.532074,66.3630161528282
69.0852346093914,69.19192,69.49819,70.8015362385902
77.0855286901508,76.79708,76.753845,79.0943885269996
70.6027969390143,70.896286,70.31406,76.0895482839196
66.4666326953388,66.562126,67.09678,63.9622784626528
85.0227913942539,85.05491,85.04177,84.6587128031359
68.5606796158867,68.52314,68.400444,72.9929966866756
76.1193798181612,76.23055,76.51647,71.214124633292
86.4936697838136,86.34903,86.345726,86.4148982473796
73.117748320792,72.96509,71.49998,67.442039686056
84.7676871766857,84.615814,84.70707,85.107186889073
70.0151485531624,69.964134,69.692924,70.8409209434647
71.6067980540117,71.74569,71.52285,74.1220132377111
80.8562857915283,80.75005,80.86669,80.4846040363801
82.9063661969672,82.86527,82.66583,82.0646022653104
76.8917643968541,77.14786,76.92698,80.073528133572
63.165886949926,63.66003,64.03647,69.8859190351014
81.2562239932066,81.57009,81.16021,78.9889327683151
62.760356641761,62.616283,63.500923,61.2023745386246
78.1321544940229,78.134636,78.15268,77.1090961501559
85.1829079871812,85.44674,85.74329,86.100675951201
84.4188349941833,84.20892,83.57238,83.2090468109984
83.8216806469272,83.81298,84.00884,84.2717779417961
82.1691640861203,82.2941,82.90597,81.6947966199111
86.6327424098564,86.50039,86.73269,86.7350234841225
67.0606452116962,67.004974,67.913704,66.414547001371
78.6959617533097,78.68951,78.07574,79.9140083357534
79.8593131018743,79.963776,79.33606,77.709693046493
86.2127635587711,85.75629,85.76362,85.9999767076268
80.7629169376178,80.55546,80.62949,78.7952331720142
84.8794650739962,85.09171,85.589134,84.9317595335767
83.8482690768289,83.893616,83.64956,83.8474746717981
71.479538463984,71.58368,70.896,78.2980002876008
82.2409423324925,82.24457,81.809395,80.7513218143115
68.0491913606011,68.11509,68.664925,66.4072280148691
81.0685715065158,80.971466,80.52167,76.5298695152337
85.7025472335487,85.596275,85.19434,83.2523956503499
85.5482061446205,85.548454,84.898155,83.0701060924803
71.8227607192802,71.68351,70.95286,70.221245333171
72.3067190203446,72.372826,72.054924,72.047122240045
71.9593844012642,71.71625,72.35563,74.1074799048527
70.8298717719799,70.57015,70.86947,74.0989629938237
82.4414039621378,82.74461,82.87881,82.6335016179478
83.0444394192115,82.986305,82.45213,80.2013950808274
79.2662499151254,79.32076,79.41035,79.304094133187
86.1488820097072,86.29305,86.29084,85.8228666786701
80.7874284868306,80.58671,80.69482,82.0938899472705
71.5434617077129,71.78954,71.514404,73.7864420896823
80.6208909707705,80.64401,80.73708,79.4983328778597
84.3844610566142,84.09235,83.786476,84.2111946661554
68.5532841262479,68.60269,69.097404,66.4776505153498
69.2272255734218,69.13825,69.79092,69.1111522332246
85.4207683079595,85.466705,84.29272,84.4923658965604
83.3248692685105,83.36278,84.0364,82.2830809508212
73.4554972004067,73.53284,72.95441,77.0872332805983
62.1848097751276,62.52893,62.386974,65.3198457794527
85.6141134643856,85.68824,86.14712,85.6049258783141
72.0572651414634,72.03338,71.34048,71.1482515598861
81.2943350679502,81.745384,81.393364,82.6338543809806
82.2928033224269,82.13295,82.21024,81.5782581137703
85.1349612863278,85.244286,85.996864,85.3552180684236
64.4981368922974,64.33532,64.94566,67.420581618744
84.3352323815631,84.11859,84.08269,83.2075343790915
83.0570445319819,83.06096,82.69622,82.4338418879928
68.1390885401313,68.25651,68.85296,73.6689657911705
56.3905588843745,56.305748,57.67158,62.9982459363207
86.862656323052,86.748535,86.622444,85.8473416679118
70.6635406902916,70.70509,70.718925,72.6337445235838
68.1173978511316,68.20081,68.777855,72.452929255218
86.139882805389,85.90491,85.515236,85.349417596217
71.5041357755758,71.736626,71.57169,73.5030946836635
67.7954120539425,67.9834,68.533424,70.7770052095744
82.5624910754963,82.205925,81.79337,80.8426636191297
68.9852120991127,68.77547,68.66799,72.0848177711482
82.0120559564317,81.99607,82.001625,81.4371949830028
65.5054064214587,65.520706,66.11058,72.3853622191299
68.9423889369561,69.04307,69.22332,67.6136329395684
81.9255986297102,81.917145,81.6111,80.6482964119853
67.2823197525459,67.32702,67.46026,68.4050968506848
70.0803864975154,70.1726,70.61094,72.1727624985663
71.6733008812149,71.667114,71.075935,72.608541723957
74.2200710375547,74.228966,73.98271,77.5504772795838
69.0563699256805,69.01842,69.15854,68.3414119857047
70.0975610166254,70.018654,70.23798,70.4925951460634
66.4732481307554,66.45148,67.12971,73.9873939628518
78.898371108626,78.64843,79.404724,79.0574077510616
83.4380990673761,82.90021,82.88906,83.0900674768242
79.2657064045032,79.271835,79.21505,77.6609134844533
84.4428204781675,84.22943,83.91018,85.8680657386277
71.308384999536,71.40682,70.686325,71.8208089176559
67.8417105983834,67.59672,67.94706,66.857836878179
82.3580486451608,82.21144,81.97845,80.5999735621497
85.5266514615441,85.45895,84.9179,85.6561888916703
83.4160875389341,83.60071,84.2764,83.9280338707866
69.0629091437758,69.208916,68.58232,68.4124203873878
79.5118580026965,79.41003,79.39377,81.3811024582586
82.7606267083317,82.564766,82.470665,82.2385035380496
83.7467138295175,83.6505,83.42246,82.0154177651702
76.318962023805,76.58948,75.69166,78.549022855109
85.6628082141177,85.6892,86.04234,85.5937467582432
69.5509150002482,69.850845,69.83046,70.4817529951279
84.094428972483,83.73976,84.10267,84.087710367329
65.2879471667768,65.41452,65.702644,66.4541235856256
85.0187037239098,85.17103,85.41769,84.5746337036564
71.1167992038388,71.146385,70.74197,77.5085956146835
85.1824471025145,85.122025,84.93018,85.2142052651251
69.6783286309927,69.46609,70.26974,71.9364616337564
86.1638510423199,85.87596,85.462746,85.5718134138692
77.2962690331218,77.33939,76.845665,80.7725179899005
67.8155331309153,67.95013,68.173965,64.2961821933645
82.6896927565843,83.49319,83.21105,83.32816333911
83.2330781442046,83.13001,82.79786,82.6211290349151
79.9377200974558,79.99777,80.46514,80.17935343655
83.8366727001194,83.61044,83.40183,82.8477417766421
69.3536777517661,69.30325,69.63358,67.6533509630517
85.0449290076555,85.05645,85.77472,85.0066330394462
83.0105610610838,83.142166,82.81002,81.7621180639043
69.3992499324013,69.42101,68.9228,69.1394212780946
82.4110677307039,82.80364,83.11237,81.0477788513123
82.695237042254,82.6492,82.45523,81.8973984043409
82.6286776234641,82.57821,82.46908,82.7205101796941
69.9653636909147,69.92993,69.46429,66.6494351088666
77.0545713709159,76.96989,76.86649,78.5355435250179
74.3156354501717,74.324974,74.03039,76.2313391624782
84.6224974769117,84.83332,85.29402,85.0858651032105
72.8823186309233,72.80661,72.512505,75.2167816025355
85.1204533492226,85.15523,84.7703,85.124835769311
81.6154645362901,81.654366,81.64593,81.2072990502148
85.6436287699644,85.49103,84.8485,85.093807999274
70.6004427275207,70.55537,71.10755,74.0272647584751
79.1879852486059,79.22786,77.97555,81.8615506934532
57.2351555822922,57.29641,57.958977,59.8519248979332
86.1774780168801,86.15425,87.16469,86.2441454222866
68.0660021845994,68.138535,68.54725,70.6183223961349
83.5131815859977,83.504005,83.88564,82.9267715848634
83.9106927334156,83.96759,83.68417,83.7997190455399
70.8015641611616,70.76545,70.48716,70.9955836367707
80.4817231226615,80.74059,80.27682,79.3475852675852
83.0020106184046,83.1139,82.93386,82.6568984578317
76.7097609562668,76.722374,76.5466,78.9982322138863
67.5321066381641,67.48042,67.32018,68.0446889766745
58.3858492174885,58.106945,58.9727,60.2808992705391
74.460802013478,74.343735,74.502945,77.0420475662242
83.824182035188,83.962204,83.740166,85.2755930984823
85.4246380364103,85.1672,84.92869,84.9200273344829
86.5485941708549,86.614204,88.33817,86.6570632423825
80.8056317331522,80.89434,80.31901,78.9212364624949
72.775933777776,72.60838,71.792816,70.1825553684819
84.8324885469102,85.01871,85.340935,85.0717728834081
78.4131391065828,78.44265,78.545815,75.8761169421528
75.4849160590971,75.52963,74.893715,79.4127501253765
66.894714397315,66.80205,66.981285,69.3376594339746
82.1786932671978,82.300514,81.835365,81.0086006167241
82.6252323795312,83.087814,83.07369,82.8249606921984
79.1454771787832,79.30297,78.46038,73.8881791563545
69.8284866147479,69.77451,69.88439,72.1460414027695
83.720450156422,83.717896,83.22576,84.0043242670102
67.1119129927936,67.25132,67.60143,71.5863301149583
68.4704141373535,68.38983,68.508644,67.448468309666
82.9926587555412,82.97522,83.23347,82.363033985006
65.239101983451,65.153885,65.858635,66.6170683025466
74.7750619494312,74.71448,74.1891,76.0548726059124
74.9235675331256,74.81487,74.54117,77.332110286035
71.6074509949678,71.7791,70.88122,70.4007303815639
83.1453456599636,83.06296,83.46225,82.9869914096078
85.5548648186207,85.159615,84.78369,85.5090309975827
73.0241700361345,72.998405,73.22033,74.8157441479122
82.7830053942745,82.87379,83.06442,81.9062889715586
68.5013760685201,68.53355,69.00428,68.3371433903807
78.7784059630021,78.83508,78.975975,80.0380475168252
78.1663275569603,78.0332,78.275566,79.5939624218702
71.3397839166932,71.45138,71.93205,72.5385550288747
79.7750769064237,79.8392,79.39357,80.6682642506961
83.6514015440363,83.71306,82.49729,81.6930827825138
66.520624874592,66.606285,66.75243,70.0842871367395
68.7709369297892,68.91702,69.165764,69.2327076707097
86.5605535394055,86.63888,87.98724,86.2650651465853
72.706864973857,72.7025,72.27043,75.5021523274966
84.1497546315471,83.88306,83.753075,84.3477560511448
83.7066670302635,83.89232,83.27474,84.1484614966483
73.1946895222479,73.37106,73.093864,75.3322843660039
82.2733042542224,82.19495,82.00773,81.4744444550916
68.6271337629515,68.604965,69.0019,70.6318987678275
66.0665655198144,66.2318,66.842224,78.7222083450273
84.4735758978286,84.46386,84.79621,84.1071407063179
60.7719544339476,60.732613,60.47742,63.0300106428439
84.6106274170911,85.0244,85.372444,85.7232524297489
68.6441752715733,68.48757,69.16945,68.6563456233015
82.3723471644512,82.48843,82.61417,82.86708016692
83.9159055575685,84.431335,84.59583,83.5993132195937
68.3702731398941,68.249756,68.42932,71.1116680572115
85.2287573844217,85.31224,85.21696,85.7181028916039
64.3949979909304,64.23161,64.95944,60.1397930250706
66.1055412063613,65.99462,66.63825,69.5793852187941
67.8473548421231,67.60529,67.79727,72.5955263843713
81.6898267040809,81.45805,81.618004,81.2639984220434
71.8618553885199,71.71751,72.22134,76.1047083352427
82.9943007899207,83.29919,83.531944,83.2173589482305
72.7918962282646,72.85454,73.46057,75.9555887366842
81.5684588831295,81.34086,81.884056,81.8259428228486
57.5624820168585,57.184566,58.35631,53.1810912391405
84.3652897129695,84.320816,84.171394,83.6014546557641
84.5174494933459,84.72383,85.108116,84.4693154431473
84.2973757617395,84.0168,83.03492,82.6177508715651
83.5178844886544,83.37176,83.53593,83.9542125525364
67.4014498918324,67.19804,67.527214,64.4292731215441
85.3574783663867,85.35209,84.84933,85.151662246393
80.8370671060886,80.92915,80.2024,80.1964702662487
72.5511517877616,72.71982,72.22576,74.8549862370213
85.7540162836379,85.80727,86.5098,85.9956853700527
71.0174211576178,70.89093,70.941826,74.5444072937616
82.5816505186393,82.43951,82.156975,81.9815715232389
85.5523004778994,85.479164,84.818886,85.0814491226169
85.9412521357082,85.20555,85.09057,85.0647641179441
82.9296930871967,83.71182,83.38859,83.2418662317866
84.4561142880254,84.48195,84.46888,84.2056037226565
85.0133457272125,84.966805,85.517815,84.7574445979807
83.0788101922684,83.09467,83.51681,82.2038792499849
66.2404747769861,66.1393,66.48659,62.9535392333404
65.7248832424219,65.79018,66.479126,65.854121844773
86.6262468683295,86.213936,85.916374,85.7470969475884
84.0050693374224,84.0818,83.60442,82.9667423219335
84.8904016853507,85.09979,86.05072,86.2677710751728
86.6068935367535,86.07417,86.026634,86.0497662230767
80.0159105471015,80.08737,79.91143,81.7969801226304
82.5520790734318,82.593315,82.215706,81.8519151699519
68.3277122771601,68.29764,68.9117,66.7122422547215
63.1249271015216,63.019455,63.759933,62.2112811747574
81.1407652171529,81.225914,80.86123,82.8734094662022
75.9884379393322,75.631004,75.90247,79.3601177724192
69.0047395317883,68.975845,68.90676,69.5658705095643
81.2349902348764,81.32146,81.378426,80.6855885941695
82.5978594049844,82.27013,82.21572,81.6472265749828
63.9575660758099,64.03555,64.66984,63.2338329585367
71.5308086181859,71.52436,71.303474,75.3059704223676
83.4968510363438,83.62252,83.888855,83.6126403831399
75.6813049370085,75.63227,75.241325,76.8653022803924
71.7290993384142,71.93305,71.373375,74.1475095789386
72.6321166887143,72.64424,72.8758,74.8947453110121
61.9046120825387,61.657745,61.905434,66.6069088781002
82.0374143705084,82.062675,82.199234,81.5362172765091
72.583408028849,72.566864,71.92342,69.7463947576975
73.5920344867938,73.64789,73.53876,77.3570034779837
68.7027595009276,68.17726,68.92278,71.181706196066
84.1272382040591,84.15879,83.965996,83.9042757284337
83.4382599649664,83.26088,82.5185,82.4215641787148
85.7053421358676,85.642525,85.824425,84.8834704903854
72.3302555637538,72.06047,72.15691,75.0920137785504
82.1577437124938,82.44642,82.32398,81.8217915409403
67.4428167324643,67.4856,68.07231,71.5104685999203
79.0487251372163,79.27943,79.179405,80.311360337715
69.8469177238995,69.80083,69.81075,65.7922555624946
56.0523021208845,56.0857,57.689953,47.2164242630357
69.6052524807115,69.52893,70.05326,68.2956889221701
80.8432112422913,80.82216,80.31942,80.9350422088472
84.6510729087019,85.221176,85.48799,85.4614155596785
87.2156713866407,87.26833,87.01046,86.8887243134283
63.2219560791811,63.19852,63.662647,66.4563017593209
85.0084001572123,85.361176,86.2394,85.7510904941634
86.1039871470908,86.02011,85.69637,85.7023596760154
84.9203861307952,84.7475,84.51705,82.2656555698718
82.7133952655573,82.66055,82.2007,79.5870759231522
85.608134944987,85.90876,86.76356,86.3732309502884
69.7830527025175,69.576996,69.94407,72.7081353481169
64.31441294567,64.08904,64.75807,65.5162055197305
84.9042444219782,84.53661,84.802864,84.6626142477572
82.5484414400736,82.40814,82.2696,82.9098198816918
82.1978427698325,82.02469,82.23512,81.9209792326427
81.7395965081923,81.649956,81.49555,80.8505398416124
67.2849504858526,67.28603,67.47634,68.2281168195547
84.493276842327,84.69932,85.350525,84.8686517777803
83.7781646067651,83.90997,83.339745,82.9627991180627
71.988608368339,71.98929,71.5845,69.1992070106471
84.5295313180089,84.33899,83.854935,83.2504534303198
83.7232381267655,83.425186,83.03137,82.178331262371
73.7202955787394,73.60152,73.60703,76.4469546467433
72.2488625587016,72.17351,72.90241,76.4248379889789
85.0416778367827,85.17052,85.54847,85.4858261050525
82.3067818502298,82.313545,82.323524,77.9220445578952
70.405327284704,70.213875,70.018196,68.9358445146331
70.9723106510385,71.068535,70.92684,71.9679403322838
83.9036702493649,83.73534,83.8323,82.1163333094808
84.3225255442241,84.34433,83.5198,84.3226518262243
76.0648075102832,76.08675,75.73994,79.4939697928963
73.5761462860571,73.652054,73.1159,74.0408984265311
70.4701484687998,70.56417,70.44245,67.3182711288568
85.4612112576052,85.21467,84.78056,84.9390092596212
69.8981695725324,69.851234,69.71371,73.065089468226
81.410604552841,81.43102,80.975624,80.2548792504875
69.9752553567448,70.07536,70.32516,73.1889306150889
84.1058334858629,84.428154,84.866615,85.7577950157689
83.6573437559287,83.516,83.76188,82.8129668659518
70.615734824049,70.61589,70.31482,74.9968848412115
63.6878252651235,63.74304,64.40058,68.8072881954192
64.7774316620551,64.558395,66.24273,67.0466612998374
56.9971752057702,57.00655,57.915653,61.0425564794954
80.5923185353561,80.72592,81.617744,75.0829769296799
65.5264470243263,65.65657,66.28058,68.3744943090924
84.4259726779123,84.49729,84.00824,84.5596128959791
80.6231000302078,80.66674,80.54606,79.6501300308393
85.3709082683155,85.18614,84.96952,84.565315748444
71.0686318490506,71.08613,70.60718,71.0192976151172
72.1093551905803,72.049194,71.49372,71.6269250016348
84.1568087235684,84.057175,84.17368,83.2708853774634
60.1151479554433,60.44818,60.73803,62.0804855948421
62.1281391373916,62.020214,63.290726,65.9162529495209
82.3197327483866,82.13043,81.92672,81.5906118251697
61.5907549469452,61.347534,62.074978,66.0694984731598
65.2204182920998,65.212326,66.47294,71.2188146177846
67.3155877669629,67.29678,67.48793,70.5534391678473
81.6988609609894,81.62295,81.11089,82.2841273063248
78.8656055372071,78.88322,78.87598,77.6550498463261
59.7843872867861,59.561657,60.691048,60.1526248980881
85.5189577141056,85.17969,84.89862,84.970194567202
83.5748768175723,83.702934,84.06736,83.5354272407151
71.4295680532044,71.516045,71.78974,74.337857425902
79.0425948038081,79.13877,79.10321,75.309132469376
77.5530037134465,77.71773,77.22606,78.6408988370495
83.5678175785169,83.44509,83.413124,83.1218691161734
81.7543373079947,81.751976,81.38488,81.0608963200382
76.3919402449442,76.52112,76.03152,76.9224328094009
82.976261138592,82.92839,82.2389,82.4122664461164
79.330826709646,79.236465,79.27945,77.0247665637505
85.106497089033,84.64711,84.03806,82.8645845385979
71.9737778419757,72.03609,72.54688,75.2549978160536
82.4316728346345,82.40574,82.97588,69.2174275586852
84.3286212547951,84.83877,84.878044,84.4057536496791
68.1914505485204,68.10779,68.725365,69.0343451111504
67.5644299200529,67.50819,68.49575,65.0703953524753
65.7092014004772,65.76476,65.89695,70.9260400143122
83.9239343356743,84.19836,84.32755,83.9604369824025
83.6213646238423,83.631996,83.76373,82.6613845829186
63.387819327367,63.184303,63.026745,66.7966535987006
80.9660955208752,80.97402,81.244804,81.3217801068025
82.1181800711199,82.042175,82.18455,82.8347234038661
65.5113113388561,65.46267,66.04211,62.2576057069098
75.0364384931579,74.986244,74.23221,77.5689810329423
81.8466673916421,82.2707,82.593315,82.8361373491749
68.8631916982297,68.83396,68.98339,67.9937447913772
84.8807075086036,84.88099,84.091576,82.641700338837
73.8476301610229,73.72982,73.56186,75.0798795355295
68.6908873282114,68.72827,69.15189,67.8673339431778
73.6633744777199,73.58101,73.27976,77.3792581417198
