station_id,date_local,lon,lat,ffmc,ffmc_pred
96595,2023-01-01 00:00:00+00:00,114.53,-0.56,85.40816393187352,85.54868
96645,2023-01-01 00:00:00+00:00,111.66,-2.73,86.79709347280117,86.06287
96651,2023-01-01 00:00:00+00:00,112.93,-2.55,84.26363791813986,84.22915
96653,2023-01-01 00:00:00+00:00,114.9,-1.67,86.06177390236248,85.99225
96655,2023-01-01 00:00:00+00:00,113.95,-2.22,85.81795743830885,85.8704
96595,2023-01-02 00:00:00+00:00,114.53,-0.56,84.38338974802738,84.24173
96645,2023-01-02 00:00:00+00:00,111.66,-2.73,85.02106697070303,85.00996
96651,2023-01-02 00:00:00+00:00,112.93,-2.55,84.12702329478574,84.488434
96653,2023-01-02 00:00:00+00:00,114.9,-1.67,85.39812025219663,85.634125
96655,2023-01-02 00:00:00+00:00,113.95,-2.22,85.54820614462051,85.187004
96595,2023-01-03 00:00:00+00:00,114.53,-0.56,83.44715140554193,83.38165
96645,2023-01-03 00:00:00+00:00,111.66,-2.73,67.39790431181252,67.5023
96651,2023-01-03 00:00:00+00:00,112.93,-2.55,78.89261439037038,78.9676
96653,2023-01-03 00:00:00+00:00,114.9,-1.67,83.95185815691036,84.04972
96655,2023-01-03 00:00:00+00:00,113.95,-2.22,72.52997871065284,72.5208
96595,2023-01-04 00:00:00+00:00,114.53,-0.56,78.7983801277516,78.30596
96645,2023-01-04 00:00:00+00:00,111.66,-2.73,81.70065821890681,82.12525
96651,2023-01-04 00:00:00+00:00,112.93,-2.55,72.9354261854016,73.40359
96653,2023-01-04 00:00:00+00:00,114.9,-1.67,83.58610726118832,83.86648
96655,2023-01-04 00:00:00+00:00,113.95,-2.22,85.0900563395829,84.82843
96595,2023-01-05 00:00:00+00:00,114.53,-0.56,80.6700208403608,80.73279
96645,2023-01-05 00:00:00+00:00,111.66,-2.73,64.44683970535813,64.446465
96651,2023-01-05 00:00:00+00:00,112.93,-2.55,75.87749253209633,75.667595
96653,2023-01-05 00:00:00+00:00,114.9,-1.67,86.24323528307158,86.05241
96655,2023-01-05 00:00:00+00:00,113.95,-2.22,76.70101119082685,76.64522
96595,2023-01-06 00:00:00+00:00,114.53,-0.56,60.5543340747604,60.54727
96645,2023-01-06 00:00:00+00:00,111.66,-2.73,65.73506500249935,65.51479
96651,2023-01-06 00:00:00+00:00,112.93,-2.55,64.64252712417293,64.67068
96653,2023-01-06 00:00:00+00:00,114.9,-1.67,79.90769695354572,79.90447
96655,2023-01-06 00:00:00+00:00,113.95,-2.22,65.31413447171852,65.33504
96595,2023-01-07 00:00:00+00:00,114.53,-0.56,64.96571352124671,65.17007
96645,2023-01-07 00:00:00+00:00,111.66,-2.73,82.4321399368154,82.455086
96651,2023-01-07 00:00:00+00:00,112.93,-2.55,81.0857340075759,81.21913
96653,2023-01-07 00:00:00+00:00,114.9,-1.67,85.40942787701698,85.43659
96655,2023-01-07 00:00:00+00:00,113.95,-2.22,68.08189581421881,68.23747
96595,2023-01-08 00:00:00+00:00,114.53,-0.56,76.81160360217275,76.61134
96645,2023-01-08 00:00:00+00:00,111.66,-2.73,79.07194212993035,79.14498
96651,2023-01-08 00:00:00+00:00,112.93,-2.55,81.07494627787139,81.90462
96653,2023-01-08 00:00:00+00:00,114.9,-1.67,83.8625086148076,83.75659
96655,2023-01-08 00:00:00+00:00,113.95,-2.22,81.55013351510415,81.466324
96595,2023-01-09 00:00:00+00:00,114.53,-0.56,59.601044728324986,59.477158
96645,2023-01-09 00:00:00+00:00,111.66,-2.73,82.61017154137727,82.18235
96651,2023-01-09 00:00:00+00:00,112.93,-2.55,79.19329772047888,78.94345
96653,2023-01-09 00:00:00+00:00,114.9,-1.67,68.65473503105865,68.615944
96655,2023-01-09 00:00:00+00:00,113.95,-2.22,64.31441294567,64.09438
96595,2023-01-10 00:00:00+00:00,114.53,-0.56,76.6597804980902,76.86817
96645,2023-01-10 00:00:00+00:00,111.66,-2.73,82.26925364039693,82.78319
96651,2023-01-10 00:00:00+00:00,112.93,-2.55,80.6949189763115,80.86623
96653,2023-01-10 00:00:00+00:00,114.9,-1.67,76.13027367189198,76.41309
96655,2023-01-10 00:00:00+00:00,113.95,-2.22,80.21452598397833,80.3915
96595,2023-01-11 00:00:00+00:00,114.53,-0.56,81.18601068225868,81.11719
96645,2023-01-11 00:00:00+00:00,111.66,-2.73,84.15631124262816,83.68707
96651,2023-01-11 00:00:00+00:00,112.93,-2.55,75.66372457007806,75.67705
96653,2023-01-11 00:00:00+00:00,114.9,-1.67,82.3850061273502,82.28521
96655,2023-01-11 00:00:00+00:00,113.95,-2.22,83.20331718408936,82.99734
96595,2023-01-12 00:00:00+00:00,114.53,-0.56,83.31009656401415,83.01576
96645,2023-01-12 00:00:00+00:00,111.66,-2.73,83.54161763229965,83.70244
96651,2023-01-12 00:00:00+00:00,112.93,-2.55,83.54965244877859,83.7101
96653,2023-01-12 00:00:00+00:00,114.9,-1.67,85.29865421027434,85.206856
96655,2023-01-12 00:00:00+00:00,113.95,-2.22,85.2656579943353,85.07803
96595,2023-01-13 00:00:00+00:00,114.53,-0.56,83.10741240505283,83.55309
96645,2023-01-13 00:00:00+00:00,111.66,-2.73,82.8869710812937,83.01663
96651,2023-01-13 00:00:00+00:00,112.93,-2.55,64.98390445311597,65.05618
96653,2023-01-13 00:00:00+00:00,114.9,-1.67,83.45418366951094,83.231995
96655,2023-01-13 00:00:00+00:00,113.95,-2.22,83.06301139250249,82.887924
96595,2023-01-14 00:00:00+00:00,114.53,-0.56,71.99373783076103,72.02252
96645,2023-01-14 00:00:00+00:00,111.66,-2.73,84.89737867173375,84.56597
96651,2023-01-14 00:00:00+00:00,112.93,-2.55,81.62270047616323,81.67234
96653,2023-01-14 00:00:00+00:00,114.9,-1.67,83.37759133809593,84.06631
96655,2023-01-14 00:00:00+00:00,113.95,-2.22,70.2539374509695,70.28072
96595,2023-01-15 00:00:00+00:00,114.53,-0.56,81.93293431777697,81.92101
96645,2023-01-15 00:00:00+00:00,111.66,-2.73,84.76420666082755,85.59262
96651,2023-01-15 00:00:00+00:00,112.93,-2.55,84.32710392235164,84.32155
96653,2023-01-15 00:00:00+00:00,114.9,-1.67,85.03497614169451,84.767365
96655,2023-01-15 00:00:00+00:00,113.95,-2.22,83.76024967162003,83.70032
96595,2023-01-16 00:00:00+00:00,114.53,-0.56,85.04729560898187,84.974556
96645,2023-01-16 00:00:00+00:00,111.66,-2.73,84.06641377859528,84.19472
96651,2023-01-16 00:00:00+00:00,112.93,-2.55,79.117025182337,78.96383
96653,2023-01-16 00:00:00+00:00,114.9,-1.67,84.80849675616298,85.30993
96655,2023-01-16 00:00:00+00:00,113.95,-2.22,79.1879852486059,79.232834
96595,2023-01-17 00:00:00+00:00,114.53,-0.56,83.96159483239293,83.73399
96645,2023-01-17 00:00:00+00:00,111.66,-2.73,72.15601211018331,72.23168
96651,2023-01-17 00:00:00+00:00,112.93,-2.55,83.78754599730291,83.57165
96653,2023-01-17 00:00:00+00:00,114.9,-1.67,66.71847084801207,66.81694
96655,2023-01-17 00:00:00+00:00,113.95,-2.22,68.62639129177842,68.66208
96595,2023-01-18 00:00:00+00:00,114.53,-0.56,82.69082474387257,82.61616
96645,2023-01-18 00:00:00+00:00,111.66,-2.73,66.88540621434623,66.85758
96651,2023-01-18 00:00:00+00:00,112.93,-2.55,67.29363501393804,67.61265
96653,2023-01-18 00:00:00+00:00,114.9,-1.67,81.44732699383893,81.69779
96655,2023-01-18 00:00:00+00:00,113.95,-2.22,72.12116578639014,72.16838
96595,2023-01-19 00:00:00+00:00,114.53,-0.56,62.28850644013598,62.179676
96645,2023-01-19 00:00:00+00:00,111.66,-2.73,81.52196420573607,81.51287
96651,2023-01-19 00:00:00+00:00,112.93,-2.55,81.90667886071104,81.959045
96653,2023-01-19 00:00:00+00:00,114.9,-1.67,84.8752728290468,84.724266
96655,2023-01-19 00:00:00+00:00,113.95,-2.22,67.4982761432406,67.41666
96595,2023-01-20 00:00:00+00:00,114.53,-0.56,75.32153798527835,75.34681
96645,2023-01-20 00:00:00+00:00,111.66,-2.73,82.7708653078836,82.89208
96651,2023-01-20 00:00:00+00:00,112.93,-2.55,72.18574381603587,72.10523
96653,2023-01-20 00:00:00+00:00,114.9,-1.67,84.21708133793257,84.53814
96655,2023-01-20 00:00:00+00:00,113.95,-2.22,65.51447193468543,65.334694
96595,2023-01-21 00:00:00+00:00,114.53,-0.56,81.35205611719084,81.274475
96645,2023-01-21 00:00:00+00:00,111.66,-2.73,82.43390924721545,82.90309
96651,2023-01-21 00:00:00+00:00,112.93,-2.55,82.83931352231507,82.806435
96653,2023-01-21 00:00:00+00:00,114.9,-1.67,63.615668366743,63.529827
96655,2023-01-21 00:00:00+00:00,113.95,-2.22,68.20760197624224,68.24535
96595,2023-01-22 00:00:00+00:00,114.53,-0.56,62.18717359966594,62.337975
96645,2023-01-22 00:00:00+00:00,111.66,-2.73,79.72792766289386,79.53041
96651,2023-01-22 00:00:00+00:00,112.93,-2.55,82.29932574158808,82.612656
96653,2023-01-22 00:00:00+00:00,114.9,-1.67,64.49707039675896,64.50328
96655,2023-01-22 00:00:00+00:00,113.95,-2.22,82.58203394616334,82.595215
96595,2023-01-23 00:00:00+00:00,114.53,-0.56,69.76582729492932,69.67633
96645,2023-01-23 00:00:00+00:00,111.66,-2.73,66.07446444938243,65.98439
96651,2023-01-23 00:00:00+00:00,112.93,-2.55,81.56750440924144,81.552666
96653,2023-01-23 00:00:00+00:00,114.9,-1.67,72.12863041800718,72.390526
96655,2023-01-23 00:00:00+00:00,113.95,-2.22,82.10688176508708,82.43944
96595,2023-01-24 00:00:00+00:00,114.53,-0.56,60.47994024476066,60.28194
96645,2023-01-24 00:00:00+00:00,111.66,-2.73,59.91924805847707,60.086002
96651,2023-01-24 00:00:00+00:00,112.93,-2.55,65.90366314205832,65.89867
96653,2023-01-24 00:00:00+00:00,114.9,-1.67,73.81094268421704,73.75708
96655,2023-01-24 00:00:00+00:00,113.95,-2.22,67.43498965620115,67.32133
96595,2023-01-25 00:00:00+00:00,114.53,-0.56,63.45918744290275,63.557686
96645,2023-01-25 00:00:00+00:00,111.66,-2.73,64.33129606227652,64.47597
96651,2023-01-25 00:00:00+00:00,112.93,-2.55,73.71885019456045,73.63856
96653,2023-01-25 00:00:00+00:00,114.9,-1.67,78.3807394100165,78.11288
96655,2023-01-25 00:00:00+00:00,113.95,-2.22,74.37483267720432,74.24929
96595,2023-01-26 00:00:00+00:00,114.53,-0.56,70.87794856020723,70.79392
96645,2023-01-26 00:00:00+00:00,111.66,-2.73,79.75164207608394,79.47585
96651,2023-01-26 00:00:00+00:00,112.93,-2.55,64.55081333448095,64.65225
96653,2023-01-26 00:00:00+00:00,114.9,-1.67,60.79591241462816,60.91183
96655,2023-01-26 00:00:00+00:00,113.95,-2.22,67.9194498273407,67.94777
96595,2023-01-27 00:00:00+00:00,114.53,-0.56,59.50239308651346,59.557995
96645,2023-01-27 00:00:00+00:00,111.66,-2.73,82.90028580105218,82.68193
96651,2023-01-27 00:00:00+00:00,112.93,-2.55,76.3219532829913,76.44591
96653,2023-01-27 00:00:00+00:00,114.9,-1.67,61.28727204799929,60.92591
96655,2023-01-27 00:00:00+00:00,113.95,-2.22,81.61402861707101,81.54466
96595,2023-01-28 00:00:00+00:00,114.53,-0.56,69.66620500477504,69.772575
96645,2023-01-28 00:00:00+00:00,111.66,-2.73,69.87298048443671,69.83866
96651,2023-01-28 00:00:00+00:00,112.93,-2.55,74.27107449226008,74.20168
96653,2023-01-28 00:00:00+00:00,114.9,-1.67,80.21756096546436,80.01556
96655,2023-01-28 00:00:00+00:00,113.95,-2.22,81.64740151214961,82.17952
96595,2023-01-29 00:00:00+00:00,114.53,-0.56,77.37619649171126,77.29093
96645,2023-01-29 00:00:00+00:00,111.66,-2.73,66.45626831326189,66.47801
96651,2023-01-29 00:00:00+00:00,112.93,-2.55,68.74359275146684,68.42994
96653,2023-01-29 00:00:00+00:00,114.9,-1.67,64.9314378154876,64.82185
96655,2023-01-29 00:00:00+00:00,113.95,-2.22,68.06363692922339,68.1051
96595,2023-01-30 00:00:00+00:00,114.53,-0.56,63.23650004121233,63.223415
96645,2023-01-30 00:00:00+00:00,111.66,-2.73,81.83072060549446,81.85077
96651,2023-01-30 00:00:00+00:00,112.93,-2.55,64.61456727677225,64.75705
96653,2023-01-30 00:00:00+00:00,114.9,-1.67,63.18561512055168,63.02645
96655,2023-01-30 00:00:00+00:00,113.95,-2.22,65.74891256775605,65.945786
96595,2023-01-31 00:00:00+00:00,114.53,-0.56,60.40923180568765,60.23491
96645,2023-01-31 00:00:00+00:00,111.66,-2.73,84.15130109477809,83.91961
96651,2023-01-31 00:00:00+00:00,112.93,-2.55,67.86434498210173,67.754486
96653,2023-01-31 00:00:00+00:00,114.9,-1.67,66.092551903882,66.027405
96655,2023-01-31 00:00:00+00:00,113.95,-2.22,72.59544975687456,72.719475
96595,2023-02-01 00:00:00+00:00,114.53,-0.56,61.01117515870965,60.86244
96645,2023-02-01 00:00:00+00:00,111.66,-2.73,77.6331006667461,77.49497
96651,2023-02-01 00:00:00+00:00,112.93,-2.55,63.52355376202777,63.5339
96653,2023-02-01 00:00:00+00:00,114.9,-1.67,66.29923245393118,66.05259
96655,2023-02-01 00:00:00+00:00,113.95,-2.22,64.28763969323516,64.3778
96595,2023-02-02 00:00:00+00:00,114.53,-0.56,76.86001402250574,76.87262
96645,2023-02-02 00:00:00+00:00,111.66,-2.73,80.80005897511228,80.82991
96651,2023-02-02 00:00:00+00:00,112.93,-2.55,65.07063242473833,65.09339
96653,2023-02-02 00:00:00+00:00,114.9,-1.67,72.73841666716258,73.25272
96655,2023-02-02 00:00:00+00:00,113.95,-2.22,62.09266104212363,62.229286
96595,2023-02-03 00:00:00+00:00,114.53,-0.56,56.12890972924056,56.22941
96645,2023-02-03 00:00:00+00:00,111.66,-2.73,73.89845369328918,74.06885
96651,2023-02-03 00:00:00+00:00,112.93,-2.55,68.4637527924571,68.342476
96653,2023-02-03 00:00:00+00:00,114.9,-1.67,64.62515102938343,64.73535
96655,2023-02-03 00:00:00+00:00,113.95,-2.22,68.52742681527945,68.61844
96595,2023-02-04 00:00:00+00:00,114.53,-0.56,78.63054825067745,78.38963
96645,2023-02-04 00:00:00+00:00,111.66,-2.73,79.88173021435325,79.75182
96651,2023-02-04 00:00:00+00:00,112.93,-2.55,82.00629827547952,81.68799
96653,2023-02-04 00:00:00+00:00,114.9,-1.67,81.87840442057168,82.01405
96655,2023-02-04 00:00:00+00:00,113.95,-2.22,81.73959650819229,81.6356
96595,2023-02-05 00:00:00+00:00,114.53,-0.56,66.78905288703923,66.788216
96645,2023-02-05 00:00:00+00:00,111.66,-2.73,66.86908333838984,66.87086
96651,2023-02-05 00:00:00+00:00,112.93,-2.55,83.75539810237919,83.507904
96653,2023-02-05 00:00:00+00:00,114.9,-1.67,81.54008940372485,81.583786
96655,2023-02-05 00:00:00+00:00,113.95,-2.22,67.44929000599468,67.4067
96595,2023-02-06 00:00:00+00:00,114.53,-0.56,71.66353277097016,71.334206
96645,2023-02-06 00:00:00+00:00,111.66,-2.73,82.46433401536416,82.58964
96651,2023-02-06 00:00:00+00:00,112.93,-2.55,68.25743611723772,68.20134
96653,2023-02-06 00:00:00+00:00,114.9,-1.67,81.52185813847844,82.180176
96655,2023-02-06 00:00:00+00:00,113.95,-2.22,82.17144532201173,82.18247
96595,2023-02-07 00:00:00+00:00,114.53,-0.56,80.11460573302433,80.1651
96645,2023-02-07 00:00:00+00:00,111.66,-2.73,85.49413966901706,85.277306
96651,2023-02-07 00:00:00+00:00,112.93,-2.55,82.20355926200193,82.39966
96653,2023-02-07 00:00:00+00:00,114.9,-1.67,85.01835030205986,85.08083
96655,2023-02-07 00:00:00+00:00,113.95,-2.22,85.098360618102,84.93881
96595,2023-02-08 00:00:00+00:00,114.53,-0.56,62.050613424099446,61.987953
96645,2023-02-08 00:00:00+00:00,111.66,-2.73,84.75968383366636,84.84504
96651,2023-02-08 00:00:00+00:00,112.93,-2.55,84.57041505606318,84.47847
96653,2023-02-08 00:00:00+00:00,114.9,-1.67,67.13360406769351,67.04425
96655,2023-02-08 00:00:00+00:00,113.95,-2.22,84.23037418578413,84.38336
96595,2023-02-09 00:00:00+00:00,114.53,-0.56,77.44568100600766,77.21575
96645,2023-02-09 00:00:00+00:00,111.66,-2.73,79.39012646688106,79.23814
96651,2023-02-09 00:00:00+00:00,112.93,-2.55,62.73103912935981,62.72852
96653,2023-02-09 00:00:00+00:00,114.9,-1.67,79.74739485585039,79.868
96655,2023-02-09 00:00:00+00:00,113.95,-2.22,83.01056106108375,83.27258
96595,2023-02-10 00:00:00+00:00,114.53,-0.56,74.25385855168639,74.22251
96645,2023-02-10 00:00:00+00:00,111.66,-2.73,85.24755379157166,85.139755
96651,2023-02-10 00:00:00+00:00,112.93,-2.55,79.70397002258761,79.852394
96653,2023-02-10 00:00:00+00:00,114.9,-1.67,64.00661226039796,64.03993
96655,2023-02-10 00:00:00+00:00,113.95,-2.22,74.90558305897817,75.08866
96595,2023-02-11 00:00:00+00:00,114.53,-0.56,82.0758702878407,82.21088
96645,2023-02-11 00:00:00+00:00,111.66,-2.73,84.3524641344884,84.452614
96651,2023-02-11 00:00:00+00:00,112.93,-2.55,82.78163601118126,82.3714
96653,2023-02-11 00:00:00+00:00,114.9,-1.67,65.60137039867298,65.547066
96655,2023-02-11 00:00:00+00:00,113.95,-2.22,70.23696964334434,70.449165
96595,2023-02-12 00:00:00+00:00,114.53,-0.56,53.56528147944915,53.747902
96645,2023-02-12 00:00:00+00:00,111.66,-2.73,71.23230726160453,71.61272
96651,2023-02-12 00:00:00+00:00,112.93,-2.55,81.34618129586434,81.07101
96653,2023-02-12 00:00:00+00:00,114.9,-1.67,57.75073494798103,57.567554
96655,2023-02-12 00:00:00+00:00,113.95,-2.22,62.73391320526735,62.71959
96595,2023-02-13 00:00:00+00:00,114.53,-0.56,74.90358071803834,76.12405
96645,2023-02-13 00:00:00+00:00,111.66,-2.73,65.81866355817185,65.794395
96651,2023-02-13 00:00:00+00:00,112.93,-2.55,80.23145558650755,79.96922
96653,2023-02-13 00:00:00+00:00,114.9,-1.67,78.9522250849709,79.0518
96655,2023-02-13 00:00:00+00:00,113.95,-2.22,73.57614628605705,73.35651
96595,2023-02-14 00:00:00+00:00,114.53,-0.56,82.59457975182816,82.754395
96645,2023-02-14 00:00:00+00:00,111.66,-2.73,65.36122825934996,65.32396
96651,2023-02-14 00:00:00+00:00,112.93,-2.55,69.44384153824888,69.43603
96653,2023-02-14 00:00:00+00:00,114.9,-1.67,67.01261620648242,66.75374
96655,2023-02-14 00:00:00+00:00,113.95,-2.22,83.77631821692614,83.836685
96595,2023-02-15 00:00:00+00:00,114.53,-0.56,84.54147802052736,84.11953
96645,2023-02-15 00:00:00+00:00,111.66,-2.73,66.60780497744338,68.001854
96651,2023-02-15 00:00:00+00:00,112.93,-2.55,71.02305944931813,71.049545
96653,2023-02-15 00:00:00+00:00,114.9,-1.67,69.68643192482789,69.75705
96655,2023-02-15 00:00:00+00:00,113.95,-2.22,75.41259150756703,75.18849
96595,2023-02-16 00:00:00+00:00,114.53,-0.56,60.54154911661983,60.656933
96645,2023-02-16 00:00:00+00:00,111.66,-2.73,83.9299905079518,83.937935
96651,2023-02-16 00:00:00+00:00,112.93,-2.55,80.87549402202495,80.78829
96653,2023-02-16 00:00:00+00:00,114.9,-1.67,67.16014139132518,67.12995
96655,2023-02-16 00:00:00+00:00,113.95,-2.22,84.02375640847339,83.99495
96595,2023-02-17 00:00:00+00:00,114.53,-0.56,78.43860620594401,78.4771
96645,2023-02-17 00:00:00+00:00,111.66,-2.73,83.76102485631779,84.34554
96651,2023-02-17 00:00:00+00:00,112.93,-2.55,83.9165906001893,83.53826
96653,2023-02-17 00:00:00+00:00,114.9,-1.67,77.60774748841757,77.90225
96655,2023-02-17 00:00:00+00:00,113.95,-2.22,78.74073968423312,78.63183
96595,2023-02-18 00:00:00+00:00,114.53,-0.56,65.88080205220892,65.2653
96645,2023-02-18 00:00:00+00:00,111.66,-2.73,85.4931191830188,84.50136
96651,2023-02-18 00:00:00+00:00,112.93,-2.55,83.85812939529163,84.866295
96653,2023-02-18 00:00:00+00:00,114.9,-1.67,67.30153794550782,67.114525
96655,2023-02-18 00:00:00+00:00,113.95,-2.22,85.15827928975591,85.23583
96595,2023-02-19 00:00:00+00:00,114.53,-0.56,62.15294850076575,62.076515
96645,2023-02-19 00:00:00+00:00,111.66,-2.73,74.8932321607522,74.83938
96651,2023-02-19 00:00:00+00:00,112.93,-2.55,80.2713762909308,80.21369
96653,2023-02-19 00:00:00+00:00,114.9,-1.67,83.72976278469883,83.76884
96655,2023-02-19 00:00:00+00:00,113.95,-2.22,72.94896410266462,73.024055
96595,2023-02-20 00:00:00+00:00,114.53,-0.56,73.37027200229126,72.78655
96645,2023-02-20 00:00:00+00:00,111.66,-2.73,54.93205473236692,55.04237
96651,2023-02-20 00:00:00+00:00,112.93,-2.55,65.66000526428154,65.58792
96653,2023-02-20 00:00:00+00:00,114.9,-1.67,82.59797548479264,82.69159
96655,2023-02-20 00:00:00+00:00,113.95,-2.22,77.09867696199314,77.1505
96595,2023-02-21 00:00:00+00:00,114.53,-0.56,80.79608787018167,81.27494
96645,2023-02-21 00:00:00+00:00,111.66,-2.73,68.59539611376609,68.34244
96651,2023-02-21 00:00:00+00:00,112.93,-2.55,74.26420726798126,74.35808
96653,2023-02-21 00:00:00+00:00,114.9,-1.67,82.498712119006,82.98006
96655,2023-02-21 00:00:00+00:00,113.95,-2.22,69.08523460939143,69.24822
96595,2023-02-22 00:00:00+00:00,114.53,-0.56,71.86142335960942,71.77393
96645,2023-02-22 00:00:00+00:00,111.66,-2.73,80.34743763368968,80.41698
96651,2023-02-22 00:00:00+00:00,112.93,-2.55,57.50970605624346,57.65454
96653,2023-02-22 00:00:00+00:00,114.9,-1.67,76.47889996012229,76.55223
96655,2023-02-22 00:00:00+00:00,113.95,-2.22,75.86143097028501,75.79592
96595,2023-02-23 00:00:00+00:00,114.53,-0.56,71.7751370415441,71.60306
96645,2023-02-23 00:00:00+00:00,111.66,-2.73,85.22676151665343,85.38319
96651,2023-02-23 00:00:00+00:00,112.93,-2.55,80.27295183643446,80.3467
96653,2023-02-23 00:00:00+00:00,114.9,-1.67,83.86754376267622,83.77557
96655,2023-02-23 00:00:00+00:00,113.95,-2.22,83.82973920219736,83.74896
96595,2023-02-24 00:00:00+00:00,114.53,-0.56,61.48078466430281,61.36917
96645,2023-02-24 00:00:00+00:00,111.66,-2.73,83.45545677331508,83.28657
96651,2023-02-24 00:00:00+00:00,112.93,-2.55,64.0407520723577,64.07801
96653,2023-02-24 00:00:00+00:00,114.9,-1.67,63.08686728021789,62.963512
96655,2023-02-24 00:00:00+00:00,113.95,-2.22,67.40144989183241,67.41704
96595,2023-02-25 00:00:00+00:00,114.53,-0.56,78.79933370708383,78.84984
96645,2023-02-25 00:00:00+00:00,111.66,-2.73,67.72655092054676,67.73099
96651,2023-02-25 00:00:00+00:00,112.93,-2.55,61.44442604734724,61.252483
96653,2023-02-25 00:00:00+00:00,114.9,-1.67,80.04370945632456,80.2982
96655,2023-02-25 00:00:00+00:00,113.95,-2.22,76.5954107653894,76.626335
96595,2023-02-26 00:00:00+00:00,114.53,-0.56,81.53298790719234,81.256546
96645,2023-02-26 00:00:00+00:00,111.66,-2.73,72.90064415742559,72.88867
96651,2023-02-26 00:00:00+00:00,112.93,-2.55,76.78126828042251,76.45236
96653,2023-02-26 00:00:00+00:00,114.9,-1.67,83.24984533430178,83.13105
96655,2023-02-26 00:00:00+00:00,113.95,-2.22,75.24423950784794,74.92814
96595,2023-02-27 00:00:00+00:00,114.53,-0.56,84.1934799836481,84.06233
96645,2023-02-27 00:00:00+00:00,111.66,-2.73,62.199290660688014,62.140297
96651,2023-02-27 00:00:00+00:00,112.93,-2.55,82.55886385088075,82.55688
96653,2023-02-27 00:00:00+00:00,114.9,-1.67,85.04121339635584,84.75697
96655,2023-02-27 00:00:00+00:00,113.95,-2.22,83.35137409791342,83.23189
96595,2023-02-28 00:00:00+00:00,114.53,-0.56,67.57201886520875,67.42529
96645,2023-02-28 00:00:00+00:00,111.66,-2.73,71.89584581144665,71.95885
96651,2023-02-28 00:00:00+00:00,112.93,-2.55,53.4616341967694,53.46725
96653,2023-02-28 00:00:00+00:00,114.9,-1.67,65.02822225361595,64.96634
96655,2023-02-28 00:00:00+00:00,113.95,-2.22,59.21000414438255,59.44099
96595,2023-03-01 00:00:00+00:00,114.53,-0.56,59.82078875282962,60.04691
96645,2023-03-01 00:00:00+00:00,111.66,-2.73,57.32328257512025,57.339626
96651,2023-03-01 00:00:00+00:00,112.93,-2.55,58.87147081691088,58.580166
96653,2023-03-01 00:00:00+00:00,114.9,-1.67,80.75606369741061,80.776726
96655,2023-03-01 00:00:00+00:00,113.95,-2.22,69.35883608632675,69.155975
96595,2023-03-02 00:00:00+00:00,114.53,-0.56,57.05899466864607,57.1454
96645,2023-03-02 00:00:00+00:00,111.66,-2.73,77.8565442562735,77.72506
96651,2023-03-02 00:00:00+00:00,112.93,-2.55,78.95291415995602,78.59417
96653,2023-03-02 00:00:00+00:00,114.9,-1.67,84.43704845816691,84.39632
96655,2023-03-02 00:00:00+00:00,113.95,-2.22,82.31831903188747,82.0229
96595,2023-03-03 00:00:00+00:00,114.53,-0.56,78.56151836365233,78.32128
96645,2023-03-03 00:00:00+00:00,111.66,-2.73,83.42081502287643,83.53526
96651,2023-03-03 00:00:00+00:00,112.93,-2.55,83.83345476450535,83.649124
96653,2023-03-03 00:00:00+00:00,114.9,-1.67,82.8976129790511,82.41328
96655,2023-03-03 00:00:00+00:00,113.95,-2.22,84.88070750860358,84.76505
96595,2023-03-04 00:00:00+00:00,114.53,-0.56,60.723934737738375,60.67793
96645,2023-03-04 00:00:00+00:00,111.66,-2.73,54.59845150022878,54.59702
96651,2023-03-04 00:00:00+00:00,112.93,-2.55,65.01914298532066,65.14856
96653,2023-03-04 00:00:00+00:00,114.9,-1.67,70.06522095373705,70.17543
96655,2023-03-04 00:00:00+00:00,113.95,-2.22,69.86128664319799,69.84466
96595,2023-03-05 00:00:00+00:00,114.53,-0.56,76.61277193835713,76.653435
96645,2023-03-05 00:00:00+00:00,111.66,-2.73,58.600132178106655,58.587276
96651,2023-03-05 00:00:00+00:00,112.93,-2.55,65.00721959349649,64.89392
96653,2023-03-05 00:00:00+00:00,114.9,-1.67,62.16751615296372,62.2447
96655,2023-03-05 00:00:00+00:00,113.95,-2.22,72.45798634001316,72.68218
96595,2023-03-06 00:00:00+00:00,114.53,-0.56,78.42067356203124,78.503685
96645,2023-03-06 00:00:00+00:00,111.66,-2.73,75.98966451615134,76.0693
96651,2023-03-06 00:00:00+00:00,112.93,-2.55,64.02226795986206,63.66042
96653,2023-03-06 00:00:00+00:00,114.9,-1.67,73.4724749638889,73.69504
96655,2023-03-06 00:00:00+00:00,113.95,-2.22,74.37161421067218,74.3666
96595,2023-03-07 00:00:00+00:00,114.53,-0.56,82.95721470120729,82.78729
96645,2023-03-07 00:00:00+00:00,111.66,-2.73,79.67235380285753,79.62814
96651,2023-03-07 00:00:00+00:00,112.93,-2.55,70.56593396377,70.57512
96653,2023-03-07 00:00:00+00:00,114.9,-1.67,83.93360042590538,83.89843
96655,2023-03-07 00:00:00+00:00,113.95,-2.22,67.28231975254589,67.323906
96595,2023-03-08 00:00:00+00:00,114.53,-0.56,82.30124373634837,82.42968
96645,2023-03-08 00:00:00+00:00,111.66,-2.73,83.20614958715304,82.97643
96651,2023-03-08 00:00:00+00:00,112.93,-2.55,77.09950244744417,77.102684
96653,2023-03-08 00:00:00+00:00,114.9,-1.67,83.80391900638672,84.38625
96655,2023-03-08 00:00:00+00:00,113.95,-2.22,83.42705922664759,83.64206
96595,2023-03-09 00:00:00+00:00,114.53,-0.56,82.21937144075062,82.91606
96645,2023-03-09 00:00:00+00:00,111.66,-2.73,84.91200518395446,84.596436
96651,2023-03-09 00:00:00+00:00,112.93,-2.55,78.52561038076787,78.53141
96653,2023-03-09 00:00:00+00:00,114.9,-1.67,67.81554730046781,67.659515
96655,2023-03-09 00:00:00+00:00,113.95,-2.22,82.92969308719668,83.6896
96595,2023-03-10 00:00:00+00:00,114.53,-0.56,73.14607794728889,73.00659
96645,2023-03-10 00:00:00+00:00,111.66,-2.73,64.23833580701593,64.283844
96651,2023-03-10 00:00:00+00:00,112.93,-2.55,64.26737927907904,64.165115
96653,2023-03-10 00:00:00+00:00,114.9,-1.67,82.6347205552162,82.65953
96655,2023-03-10 00:00:00+00:00,113.95,-2.22,82.51707210087011,82.82982
96595,2023-03-11 00:00:00+00:00,114.53,-0.56,55.75954263818249,55.46064
96645,2023-03-11 00:00:00+00:00,111.66,-2.73,64.14226655282849,64.12327
96651,2023-03-11 00:00:00+00:00,112.93,-2.55,66.5945514349667,66.51859
96653,2023-03-11 00:00:00+00:00,114.9,-1.67,84.51471311199137,84.250984
96655,2023-03-11 00:00:00+00:00,113.95,-2.22,55.60678624483411,55.461285
96595,2023-03-12 00:00:00+00:00,114.53,-0.56,77.59164470491658,77.529884
96645,2023-03-12 00:00:00+00:00,111.66,-2.73,80.69502414767055,80.62608
96651,2023-03-12 00:00:00+00:00,112.93,-2.55,63.54037143510704,63.500587
96653,2023-03-12 00:00:00+00:00,114.9,-1.67,65.60842104601625,65.6349
96655,2023-03-12 00:00:00+00:00,113.95,-2.22,69.65308722504105,69.75328
96595,2023-03-13 00:00:00+00:00,114.53,-0.56,60.34517279168734,60.39944
96645,2023-03-13 00:00:00+00:00,111.66,-2.73,84.06477712597535,83.91476
96651,2023-03-13 00:00:00+00:00,112.93,-2.55,71.51059900964498,71.51905
96653,2023-03-13 00:00:00+00:00,114.9,-1.67,61.80657726717092,61.8671
96655,2023-03-13 00:00:00+00:00,113.95,-2.22,63.687825265123536,63.653126
96595,2023-03-14 00:00:00+00:00,114.53,-0.56,77.75945291399086,77.75721
96645,2023-03-14 00:00:00+00:00,111.66,-2.73,70.85986021608302,71.01819
96651,2023-03-14 00:00:00+00:00,112.93,-2.55,80.29098812841409,80.15064
96653,2023-03-14 00:00:00+00:00,114.9,-1.67,63.7811944787385,63.60844
96655,2023-03-14 00:00:00+00:00,113.95,-2.22,61.59075494694523,61.48192
96595,2023-03-15 00:00:00+00:00,114.53,-0.56,57.62828331200582,57.935783
96645,2023-03-15 00:00:00+00:00,111.66,-2.73,81.35957720918098,81.542145
96651,2023-03-15 00:00:00+00:00,112.93,-2.55,70.40511427716221,70.20579
96653,2023-03-15 00:00:00+00:00,114.9,-1.67,69.001822357544,68.97736
96655,2023-03-15 00:00:00+00:00,113.95,-2.22,73.81641970581721,74.00712
96595,2023-03-16 00:00:00+00:00,114.53,-0.56,58.90191316370687,58.666485
96645,2023-03-16 00:00:00+00:00,111.66,-2.73,58.77436729972736,58.7921
96651,2023-03-16 00:00:00+00:00,112.93,-2.55,65.83677949774933,65.57602
96653,2023-03-16 00:00:00+00:00,114.9,-1.67,65.12644379168852,65.19467
96655,2023-03-16 00:00:00+00:00,113.95,-2.22,65.51131133885612,65.14684
96595,2023-03-17 00:00:00+00:00,114.53,-0.56,79.09903980478823,78.70123
96645,2023-03-17 00:00:00+00:00,111.66,-2.73,81.06055389000709,81.01277
96651,2023-03-17 00:00:00+00:00,112.93,-2.55,77.94361873294349,77.87313
96653,2023-03-17 00:00:00+00:00,114.9,-1.67,82.13646973276214,82.43579
96655,2023-03-17 00:00:00+00:00,113.95,-2.22,82.01158738011179,81.989914
96595,2023-03-18 00:00:00+00:00,114.53,-0.56,81.89787355824124,81.60717
96645,2023-03-18 00:00:00+00:00,111.66,-2.73,77.35005725430328,77.363846
96651,2023-03-18 00:00:00+00:00,112.93,-2.55,65.87032769509356,65.90239
96653,2023-03-18 00:00:00+00:00,114.9,-1.67,67.48228318173365,67.28765
96655,2023-03-18 00:00:00+00:00,113.95,-2.22,73.30792936210048,73.149574
96595,2023-03-19 00:00:00+00:00,114.53,-0.56,83.95440364797491,83.58068
96645,2023-03-19 00:00:00+00:00,111.66,-2.73,62.46322777515625,62.511406
96651,2023-03-19 00:00:00+00:00,112.93,-2.55,65.53626276263728,65.63554
96653,2023-03-19 00:00:00+00:00,114.9,-1.67,69.47585771009653,69.486305
96655,2023-03-19 00:00:00+00:00,113.95,-2.22,72.85269925280079,72.57425
96595,2023-03-20 00:00:00+00:00,114.53,-0.56,73.99167755877232,74.14406
96645,2023-03-20 00:00:00+00:00,111.66,-2.73,52.37122180088781,52.35985
96651,2023-03-20 00:00:00+00:00,112.93,-2.55,65.45249737079848,65.396576
96653,2023-03-20 00:00:00+00:00,114.9,-1.67,80.05569420385636,80.04594
96655,2023-03-20 00:00:00+00:00,113.95,-2.22,80.93911723433314,80.87175
96595,2023-03-21 00:00:00+00:00,114.53,-0.56,82.75087864229432,83.00077
96645,2023-03-21 00:00:00+00:00,111.66,-2.73,79.14690767114186,79.30632
96651,2023-03-21 00:00:00+00:00,112.93,-2.55,80.5715522367703,80.77339
96653,2023-03-21 00:00:00+00:00,114.9,-1.67,84.84315560308958,84.84506
96655,2023-03-21 00:00:00+00:00,113.95,-2.22,67.71981131809008,67.64562
96595,2023-03-22 00:00:00+00:00,114.53,-0.56,59.81113945761789,59.774685
96645,2023-03-22 00:00:00+00:00,111.66,-2.73,83.56852200416834,83.71527
96651,2023-03-22 00:00:00+00:00,112.93,-2.55,64.7922348893034,64.78622
96653,2023-03-22 00:00:00+00:00,114.9,-1.67,66.38849927760668,66.368286
96655,2023-03-22 00:00:00+00:00,113.95,-2.22,72.2106825745111,72.17774
96595,2023-03-23 00:00:00+00:00,114.53,-0.56,80.18880265662344,80.18212
96645,2023-03-23 00:00:00+00:00,111.66,-2.73,82.77914563743617,82.831055
96651,2023-03-23 00:00:00+00:00,112.93,-2.55,81.91435866592292,81.71443
96653,2023-03-23 00:00:00+00:00,114.9,-1.67,72.01643693296161,72.231674
96655,2023-03-23 00:00:00+00:00,113.95,-2.22,83.54428948161336,83.58221
96595,2023-03-24 00:00:00+00:00,114.53,-0.56,66.43483931668685,66.086784
96645,2023-03-24 00:00:00+00:00,111.66,-2.73,59.52435521961889,59.823586
96651,2023-03-24 00:00:00+00:00,112.93,-2.55,76.390061067865,76.27924
96653,2023-03-24 00:00:00+00:00,114.9,-1.67,77.70818500577228,77.62279
96655,2023-03-24 00:00:00+00:00,113.95,-2.22,73.59203448679382,73.63523
96595,2023-03-25 00:00:00+00:00,114.53,-0.56,62.63823361046727,62.70933
96645,2023-03-25 00:00:00+00:00,111.66,-2.73,80.82193085056711,80.69763
96651,2023-03-25 00:00:00+00:00,112.93,-2.55,60.90768155015294,60.82322
96653,2023-03-25 00:00:00+00:00,114.9,-1.67,68.10228164306118,68.20415
96655,2023-03-25 00:00:00+00:00,113.95,-2.22,69.11116328098761,69.223076
96595,2023-03-26 00:00:00+00:00,114.53,-0.56,66.91137908239789,66.913506
96645,2023-03-26 00:00:00+00:00,111.66,-2.73,66.77402256558814,66.58262
96651,2023-03-26 00:00:00+00:00,112.93,-2.55,79.3158500589495,79.29835
96653,2023-03-26 00:00:00+00:00,114.9,-1.67,64.70757696651933,64.63902
96655,2023-03-26 00:00:00+00:00,113.95,-2.22,74.6726284281288,74.59079
96595,2023-03-27 00:00:00+00:00,114.53,-0.56,66.31053207118958,65.92399
96645,2023-03-27 00:00:00+00:00,111.66,-2.73,62.9194345403899,63.000275
96651,2023-03-27 00:00:00+00:00,112.93,-2.55,68.03128568602148,68.11297
96653,2023-03-27 00:00:00+00:00,114.9,-1.67,65.93232330086809,66.04422
96655,2023-03-27 00:00:00+00:00,113.95,-2.22,67.73595526652011,67.59732
96595,2023-03-28 00:00:00+00:00,114.53,-0.56,63.77499033135505,63.844162
96645,2023-03-28 00:00:00+00:00,111.66,-2.73,80.91926796702656,81.086044
96651,2023-03-28 00:00:00+00:00,112.93,-2.55,66.0034725646141,66.256996
96653,2023-03-28 00:00:00+00:00,114.9,-1.67,80.78672327631891,80.501
96655,2023-03-28 00:00:00+00:00,113.95,-2.22,78.9855377729249,78.68208
96595,2023-03-29 00:00:00+00:00,114.53,-0.56,63.9285088405256,63.927944
96645,2023-03-29 00:00:00+00:00,111.66,-2.73,84.01869506209422,83.87778
96651,2023-03-29 00:00:00+00:00,112.93,-2.55,80.17781459181097,80.34327
96653,2023-03-29 00:00:00+00:00,114.9,-1.67,79.19088309892865,79.29726
96655,2023-03-29 00:00:00+00:00,113.95,-2.22,84.2381290523189,84.09783
96595,2023-03-30 00:00:00+00:00,114.53,-0.56,52.87908602646525,52.99574
96645,2023-03-30 00:00:00+00:00,111.66,-2.73,67.1889242652518,67.449
96651,2023-03-30 00:00:00+00:00,112.93,-2.55,62.41273509469047,62.500008
96653,2023-03-30 00:00:00+00:00,114.9,-1.67,77.53698069971269,77.56968
96655,2023-03-30 00:00:00+00:00,113.95,-2.22,80.79910606767058,80.890465
96595,2023-03-31 00:00:00+00:00,114.53,-0.56,61.92532599492564,61.819706
96645,2023-03-31 00:00:00+00:00,111.66,-2.73,56.49527257367847,56.60108
96651,2023-03-31 00:00:00+00:00,112.93,-2.55,70.99043089431436,70.68353
96653,2023-03-31 00:00:00+00:00,114.9,-1.67,65.92991985397082,65.85807
96655,2023-03-31 00:00:00+00:00,113.95,-2.22,64.86770395687718,64.92368
96595,2023-04-01 00:00:00+00:00,114.53,-0.56,79.76512852344631,79.38977
96645,2023-04-01 00:00:00+00:00,111.66,-2.73,63.16416998602126,63.1344
96651,2023-04-01 00:00:00+00:00,112.93,-2.55,73.71124954461906,73.67408
96653,2023-04-01 00:00:00+00:00,114.9,-1.67,73.93493820899668,74.173775
96655,2023-04-01 00:00:00+00:00,113.95,-2.22,76.53891468854901,76.72078
96595,2023-04-02 00:00:00+00:00,114.53,-0.56,66.70057805748569,66.86015
96645,2023-04-02 00:00:00+00:00,111.66,-2.73,76.20739932308375,76.15983
96651,2023-04-02 00:00:00+00:00,112.93,-2.55,82.40281059311688,82.64538
96653,2023-04-02 00:00:00+00:00,114.9,-1.67,65.02240423791662,65.141495
96655,2023-04-02 00:00:00+00:00,113.95,-2.22,72.43215271526402,72.15955
96595,2023-04-03 00:00:00+00:00,114.53,-0.56,60.29910095395189,60.326977
96645,2023-04-03 00:00:00+00:00,111.66,-2.73,83.27012848113105,83.19288
96651,2023-04-03 00:00:00+00:00,112.93,-2.55,76.2267584035031,76.38557
96653,2023-04-03 00:00:00+00:00,114.9,-1.67,59.83510538285695,59.84272
96655,2023-04-03 00:00:00+00:00,113.95,-2.22,80.02302335311172,79.85683
96595,2023-04-04 00:00:00+00:00,114.53,-0.56,75.44493775250672,75.521675
96645,2023-04-04 00:00:00+00:00,111.66,-2.73,82.38809276868349,82.467896
96651,2023-04-04 00:00:00+00:00,112.93,-2.55,79.25625413106593,79.432205
96653,2023-04-04 00:00:00+00:00,114.9,-1.67,78.10814590120735,78.015205
96655,2023-04-04 00:00:00+00:00,113.95,-2.22,82.26350752981692,81.937004
96595,2023-04-05 00:00:00+00:00,114.53,-0.56,81.21501758327989,81.167206
96645,2023-04-05 00:00:00+00:00,111.66,-2.73,81.91995065613104,82.2862
96651,2023-04-05 00:00:00+00:00,112.93,-2.55,83.07817118019393,82.85605
96653,2023-04-05 00:00:00+00:00,114.9,-1.67,61.48605708620539,61.434883
96655,2023-04-05 00:00:00+00:00,113.95,-2.22,82.23531418392122,82.97098
96595,2023-04-06 00:00:00+00:00,114.53,-0.56,65.33406854007936,65.350716
96645,2023-04-06 00:00:00+00:00,111.66,-2.73,60.02556068869942,60.324886
96651,2023-04-06 00:00:00+00:00,112.93,-2.55,61.70340530717439,61.73993
96653,2023-04-06 00:00:00+00:00,114.9,-1.67,75.00188244134817,75.40643
96655,2023-04-06 00:00:00+00:00,113.95,-2.22,59.63695228374963,59.642628
96595,2023-04-07 00:00:00+00:00,114.53,-0.56,73.4607926839462,73.19917
96645,2023-04-07 00:00:00+00:00,111.66,-2.73,81.19390780298302,80.99496
96651,2023-04-07 00:00:00+00:00,112.93,-2.55,80.52130236448528,80.54104
96653,2023-04-07 00:00:00+00:00,114.9,-1.67,83.29231571285688,83.09327
96655,2023-04-07 00:00:00+00:00,113.95,-2.22,80.85734130970998,80.910934
96595,2023-04-08 00:00:00+00:00,114.53,-0.56,62.004651435655134,61.900642
96645,2023-04-08 00:00:00+00:00,111.66,-2.73,81.79820335596888,81.899315
96651,2023-04-08 00:00:00+00:00,112.93,-2.55,83.71396730653625,83.54522
96653,2023-04-08 00:00:00+00:00,114.9,-1.67,66.99856544003605,66.98642
96655,2023-04-08 00:00:00+00:00,113.95,-2.22,74.18393515406699,74.11085
96595,2023-04-09 00:00:00+00:00,114.53,-0.56,78.81812270393665,78.76344
96645,2023-04-09 00:00:00+00:00,111.66,-2.73,84.72221919288654,84.418526
96651,2023-04-09 00:00:00+00:00,112.93,-2.55,71.7928528908945,71.77094
96653,2023-04-09 00:00:00+00:00,114.9,-1.67,78.67563385103489,78.531136
96655,2023-04-09 00:00:00+00:00,113.95,-2.22,84.90812739346948,84.94951
96595,2023-04-10 00:00:00+00:00,114.53,-0.56,82.3540971638801,82.00664
96645,2023-04-10 00:00:00+00:00,111.66,-2.73,67.5759507754105,67.58695
96651,2023-04-10 00:00:00+00:00,112.93,-2.55,82.01490221703392,81.931816
96653,2023-04-10 00:00:00+00:00,114.9,-1.67,78.11646919803684,78.09053
96655,2023-04-10 00:00:00+00:00,113.95,-2.22,74.1948066990172,74.22613
96595,2023-04-11 00:00:00+00:00,114.53,-0.56,82.29381649074833,83.16388
96645,2023-04-11 00:00:00+00:00,111.66,-2.73,81.74386025388533,81.78544
96651,2023-04-11 00:00:00+00:00,112.93,-2.55,84.45720041923028,84.28809
96653,2023-04-11 00:00:00+00:00,114.9,-1.67,85.15037844504161,85.11239
96655,2023-04-11 00:00:00+00:00,113.95,-2.22,84.98165799685387,84.71802
96595,2023-04-12 00:00:00+00:00,114.53,-0.56,80.63364135694566,80.943535
96645,2023-04-12 00:00:00+00:00,111.66,-2.73,80.4494378537652,80.418655
96651,2023-04-12 00:00:00+00:00,112.93,-2.55,70.21631938678765,70.295975
96653,2023-04-12 00:00:00+00:00,114.9,-1.67,85.14000375687506,85.82448
96655,2023-04-12 00:00:00+00:00,113.95,-2.22,87.22664763868752,87.16608
96595,2023-04-13 00:00:00+00:00,114.53,-0.56,82.5068477297688,82.48756
96645,2023-04-13 00:00:00+00:00,111.66,-2.73,73.19248841149306,73.15865
96651,2023-04-13 00:00:00+00:00,112.93,-2.55,83.64821698776804,83.75463
96653,2023-04-13 00:00:00+00:00,114.9,-1.67,58.965982250897504,59.192963
96655,2023-04-13 00:00:00+00:00,113.95,-2.22,85.8194616143944,85.90317
96595,2023-04-14 00:00:00+00:00,114.53,-0.56,64.16350492433892,64.60565
96645,2023-04-14 00:00:00+00:00,111.66,-2.73,68.24372037446878,68.28561
96651,2023-04-14 00:00:00+00:00,112.93,-2.55,66.80068311966407,66.74833
96653,2023-04-14 00:00:00+00:00,114.9,-1.67,64.52434994357777,64.34993
96655,2023-04-14 00:00:00+00:00,113.95,-2.22,76.06480751028316,75.76329
96595,2023-04-15 00:00:00+00:00,114.53,-0.56,58.751849141072526,58.71915
96645,2023-04-15 00:00:00+00:00,111.66,-2.73,68.7257262824279,68.8092
96651,2023-04-15 00:00:00+00:00,112.93,-2.55,67.47965353101596,67.36919
96653,2023-04-15 00:00:00+00:00,114.9,-1.67,82.47140478166588,82.274315
96655,2023-04-15 00:00:00+00:00,113.95,-2.22,69.56509766953059,69.36567
96595,2023-04-16 00:00:00+00:00,114.53,-0.56,62.80592559047171,62.74377
96645,2023-04-16 00:00:00+00:00,111.66,-2.73,72.21960901380457,72.03527
96651,2023-04-16 00:00:00+00:00,112.93,-2.55,76.30575120961389,76.263115
96653,2023-04-16 00:00:00+00:00,114.9,-1.67,64.09267629251272,64.141945
96655,2023-04-16 00:00:00+00:00,113.95,-2.22,67.04459193232213,67.0186
96595,2023-04-17 00:00:00+00:00,114.53,-0.56,81.44840270350618,81.34398
96645,2023-04-17 00:00:00+00:00,111.66,-2.73,69.92405428991377,70.09754
96651,2023-04-17 00:00:00+00:00,112.93,-2.55,74.1712560515247,74.09604
96653,2023-04-17 00:00:00+00:00,114.9,-1.67,82.4795695005955,82.48577
96655,2023-04-17 00:00:00+00:00,113.95,-2.22,82.35804864516084,82.37882
96595,2023-04-18 00:00:00+00:00,114.53,-0.56,84.71626938868391,84.67201
96645,2023-04-18 00:00:00+00:00,111.66,-2.73,64.22742367012944,64.44882
96651,2023-04-18 00:00:00+00:00,112.93,-2.55,80.1668994578266,79.86662
96653,2023-04-18 00:00:00+00:00,114.9,-1.67,76.78607517603724,76.712036
96655,2023-04-18 00:00:00+00:00,113.95,-2.22,85.26916328439653,85.18125
96595,2023-04-19 00:00:00+00:00,114.53,-0.56,83.12775909744629,82.7209
96645,2023-04-19 00:00:00+00:00,111.66,-2.73,81.7501912165513,81.720894
96651,2023-04-19 00:00:00+00:00,112.93,-2.55,82.41391290968696,82.12232
96653,2023-04-19 00:00:00+00:00,114.9,-1.67,72.46461935029637,72.45078
96655,2023-04-19 00:00:00+00:00,113.95,-2.22,64.03821682685142,63.956863
96595,2023-04-20 00:00:00+00:00,114.53,-0.56,82.00944969850927,81.763275
96645,2023-04-20 00:00:00+00:00,111.66,-2.73,73.23841859520188,73.069756
96651,2023-04-20 00:00:00+00:00,112.93,-2.55,65.25124407734097,65.22248
96653,2023-04-20 00:00:00+00:00,114.9,-1.67,81.64522115135092,81.45616
96655,2023-04-20 00:00:00+00:00,113.95,-2.22,65.96885760648517,65.96039
96595,2023-04-21 00:00:00+00:00,114.53,-0.56,83.83125699710502,83.490295
96645,2023-04-21 00:00:00+00:00,111.66,-2.73,80.13389405113263,80.18484
96651,2023-04-21 00:00:00+00:00,112.93,-2.55,81.48139216093966,81.31337
96653,2023-04-21 00:00:00+00:00,114.9,-1.67,85.2671326476089,85.188995
96655,2023-04-21 00:00:00+00:00,113.95,-2.22,83.54338576741424,83.52236
96595,2023-04-22 00:00:00+00:00,114.53,-0.56,82.60052250299984,82.31479
96645,2023-04-22 00:00:00+00:00,111.66,-2.73,83.82899418060049,83.55494
96651,2023-04-22 00:00:00+00:00,112.93,-2.55,84.77035016291819,84.79922
96653,2023-04-22 00:00:00+00:00,114.9,-1.67,84.42218666734885,84.43347
96655,2023-04-22 00:00:00+00:00,113.95,-2.22,71.35316805397363,71.29622
96595,2023-04-23 00:00:00+00:00,114.53,-0.56,84.99121692277319,84.967636
96645,2023-04-23 00:00:00+00:00,111.66,-2.73,83.47415102042326,84.10853
96651,2023-04-23 00:00:00+00:00,112.93,-2.55,83.98848765350841,84.01294
96653,2023-04-23 00:00:00+00:00,114.9,-1.67,71.84166633505077,71.77754
96655,2023-04-23 00:00:00+00:00,113.95,-2.22,84.44282047816752,84.145874
96595,2023-04-24 00:00:00+00:00,114.53,-0.56,61.71177737307521,61.641556
96645,2023-04-24 00:00:00+00:00,111.66,-2.73,77.2434671066319,76.87805
96651,2023-04-24 00:00:00+00:00,112.93,-2.55,68.10968004494633,68.22104
96653,2023-04-24 00:00:00+00:00,114.9,-1.67,72.82273184817562,72.77627
96655,2023-04-24 00:00:00+00:00,113.95,-2.22,81.12408214648032,81.09384
96595,2023-04-25 00:00:00+00:00,114.53,-0.56,78.43548574785548,78.41236
96645,2023-04-25 00:00:00+00:00,111.66,-2.73,81.68275606829502,81.429184
96651,2023-04-25 00:00:00+00:00,112.93,-2.55,80.79045797308504,80.65894
96653,2023-04-25 00:00:00+00:00,114.9,-1.67,79.43260651347912,79.4872
96655,2023-04-25 00:00:00+00:00,113.95,-2.22,63.116078603268335,63.019604
96595,2023-04-26 00:00:00+00:00,114.53,-0.56,84.30720126478057,84.30875
96645,2023-04-26 00:00:00+00:00,111.66,-2.73,83.75786767096913,83.57745
96651,2023-04-26 00:00:00+00:00,112.93,-2.55,61.421126627274056,61.342747
96653,2023-04-26 00:00:00+00:00,114.9,-1.67,85.74137066821974,85.69592
96655,2023-04-26 00:00:00+00:00,113.95,-2.22,70.84136902766464,70.9593
96595,2023-04-27 00:00:00+00:00,114.53,-0.56,83.63103631563052,83.556725
96645,2023-04-27 00:00:00+00:00,111.66,-2.73,68.76317754205796,68.661064
96651,2023-04-27 00:00:00+00:00,112.93,-2.55,81.16031403982821,81.06082
96653,2023-04-27 00:00:00+00:00,114.9,-1.67,85.30102563981403,85.53299
96655,2023-04-27 00:00:00+00:00,113.95,-2.22,68.09829463973179,68.020325
96595,2023-04-28 00:00:00+00:00,114.53,-0.56,67.96901491858996,67.9875
96645,2023-04-28 00:00:00+00:00,111.66,-2.73,58.76939736232657,58.831676
96651,2023-04-28 00:00:00+00:00,112.93,-2.55,57.11201255401123,57.024506
96653,2023-04-28 00:00:00+00:00,114.9,-1.67,69.29466064535016,69.22852
96655,2023-04-28 00:00:00+00:00,113.95,-2.22,68.20064460215787,68.19634
96595,2023-04-29 00:00:00+00:00,114.53,-0.56,81.09623331252557,80.8728
96645,2023-04-29 00:00:00+00:00,111.66,-2.73,68.38109164020254,68.09461
96651,2023-04-29 00:00:00+00:00,112.93,-2.55,75.88682635167574,75.89125
96653,2023-04-29 00:00:00+00:00,114.9,-1.67,64.07745100320234,64.23516
96655,2023-04-29 00:00:00+00:00,113.95,-2.22,63.57263897141711,63.49321
96595,2023-04-30 00:00:00+00:00,114.53,-0.56,80.88599733209065,81.24322
96645,2023-04-30 00:00:00+00:00,111.66,-2.73,82.0069017906053,81.93676
96651,2023-04-30 00:00:00+00:00,112.93,-2.55,82.94790307409251,83.26888
96653,2023-04-30 00:00:00+00:00,114.9,-1.67,77.40101626184341,77.25091
96655,2023-04-30 00:00:00+00:00,113.95,-2.22,79.6119554672801,79.72306
96595,2023-05-01 00:00:00+00:00,114.53,-0.56,64.98945631822814,64.92374
96645,2023-05-01 00:00:00+00:00,111.66,-2.73,79.3893285064134,79.149506
96651,2023-05-01 00:00:00+00:00,112.93,-2.55,67.08395497730164,67.03794
96653,2023-05-01 00:00:00+00:00,114.9,-1.67,69.13502556948607,69.12127
96655,2023-05-01 00:00:00+00:00,113.95,-2.22,69.32907228063065,69.38804
96595,2023-05-02 00:00:00+00:00,114.53,-0.56,71.18982009464801,70.98571
96645,2023-05-02 00:00:00+00:00,111.66,-2.73,62.650927546337,62.44964
96651,2023-05-02 00:00:00+00:00,112.93,-2.55,58.10100469993687,57.84668
96653,2023-05-02 00:00:00+00:00,114.9,-1.67,80.87799965092074,80.89579
96655,2023-05-02 00:00:00+00:00,113.95,-2.22,82.80668418635544,83.07537
96595,2023-05-03 00:00:00+00:00,114.53,-0.56,82.30941628782047,82.47075
96645,2023-05-03 00:00:00+00:00,111.66,-2.73,65.17591317428855,65.265144
96651,2023-05-03 00:00:00+00:00,112.93,-2.55,75.91236916871907,76.00078
96653,2023-05-03 00:00:00+00:00,114.9,-1.67,86.42296759619649,86.33466
96655,2023-05-03 00:00:00+00:00,113.95,-2.22,85.52832409243435,85.5266
96595,2023-05-04 00:00:00+00:00,114.53,-0.56,83.96825546747712,83.59151
96645,2023-05-04 00:00:00+00:00,111.66,-2.73,77.58306424703886,77.47341
96651,2023-05-04 00:00:00+00:00,112.93,-2.55,82.88391967028632,83.1756
96653,2023-05-04 00:00:00+00:00,114.9,-1.67,85.00118070664837,84.91336
96655,2023-05-04 00:00:00+00:00,113.95,-2.22,84.47357589782855,84.426704
96595,2023-05-05 00:00:00+00:00,114.53,-0.56,63.68419627844568,63.744095
96645,2023-05-05 00:00:00+00:00,111.66,-2.73,73.86722858866693,73.91833
96651,2023-05-05 00:00:00+00:00,112.93,-2.55,65.35836719285419,65.49241
96653,2023-05-05 00:00:00+00:00,114.9,-1.67,84.39010326058306,84.4415
96655,2023-05-05 00:00:00+00:00,113.95,-2.22,84.07089319401699,84.13325
96595,2023-05-06 00:00:00+00:00,114.53,-0.56,79.4646914874307,79.621315
96645,2023-05-06 00:00:00+00:00,111.66,-2.73,82.99896459625434,82.97373
96651,2023-05-06 00:00:00+00:00,112.93,-2.55,65.68647193667157,65.81335
96653,2023-05-06 00:00:00+00:00,114.9,-1.67,73.33083410489081,73.3999
96655,2023-05-06 00:00:00+00:00,113.95,-2.22,68.7625743129176,68.76061
96595,2023-05-07 00:00:00+00:00,114.53,-0.56,57.64601151881106,57.92812
96645,2023-05-07 00:00:00+00:00,111.66,-2.73,84.57575892030232,84.08926
96651,2023-05-07 00:00:00+00:00,112.93,-2.55,82.54175439295364,82.04763
96653,2023-05-07 00:00:00+00:00,114.9,-1.67,62.329172604557456,62.29635
96655,2023-05-07 00:00:00+00:00,113.95,-2.22,71.68274255917451,71.41173
96595,2023-05-08 00:00:00+00:00,114.53,-0.56,77.83061378848463,77.89333
96645,2023-05-08 00:00:00+00:00,111.66,-2.73,64.38568447940445,64.376205
96651,2023-05-08 00:00:00+00:00,112.93,-2.55,55.518276000048125,55.524982
96653,2023-05-08 00:00:00+00:00,114.9,-1.67,80.66618500129749,80.72384
96655,2023-05-08 00:00:00+00:00,113.95,-2.22,76.33447999178824,76.11114
96595,2023-05-09 00:00:00+00:00,114.53,-0.56,60.59219482911796,60.905106
96645,2023-05-09 00:00:00+00:00,111.66,-2.73,80.36538303356227,80.39069
96651,2023-05-09 00:00:00+00:00,112.93,-2.55,58.64347888035938,58.459274
96653,2023-05-09 00:00:00+00:00,114.9,-1.67,74.13787874931147,74.28881
96655,2023-05-09 00:00:00+00:00,113.95,-2.22,81.24400147646038,81.1138
96595,2023-05-10 00:00:00+00:00,114.53,-0.56,76.97853213298892,76.76321
96645,2023-05-10 00:00:00+00:00,111.66,-2.73,82.65749688403598,82.259544
96651,2023-05-10 00:00:00+00:00,112.93,-2.55,78.33802632185474,78.32521
96653,2023-05-10 00:00:00+00:00,114.9,-1.67,81.85962349673244,81.67894
96655,2023-05-10 00:00:00+00:00,113.95,-2.22,80.98275930895426,81.59713
96595,2023-05-11 00:00:00+00:00,114.53,-0.56,83.21054573366608,83.347275
96645,2023-05-11 00:00:00+00:00,111.66,-2.73,82.62379337085176,83.34485
96651,2023-05-11 00:00:00+00:00,112.93,-2.55,84.13908951911905,84.2392
96653,2023-05-11 00:00:00+00:00,114.9,-1.67,84.70341769456384,84.898674
96655,2023-05-11 00:00:00+00:00,113.95,-2.22,85.4336162542069,85.57045
96595,2023-05-12 00:00:00+00:00,114.53,-0.56,84.94775770177324,84.67044
96645,2023-05-12 00:00:00+00:00,111.66,-2.73,84.6101505549288,83.94526
96651,2023-05-12 00:00:00+00:00,112.93,-2.55,83.86255452289143,84.043106
96653,2023-05-12 00:00:00+00:00,114.9,-1.67,79.8110461658252,79.75795
96655,2023-05-12 00:00:00+00:00,113.95,-2.22,85.03488225541085,85.18395
96595,2023-05-13 00:00:00+00:00,114.53,-0.56,64.32162194525183,64.290344
96645,2023-05-13 00:00:00+00:00,111.66,-2.73,70.35543125699591,70.17837
96651,2023-05-13 00:00:00+00:00,112.93,-2.55,76.14537107833117,76.07874
96653,2023-05-13 00:00:00+00:00,114.9,-1.67,83.01424133947678,82.8978
96655,2023-05-13 00:00:00+00:00,113.95,-2.22,71.62462108850316,71.61644
96595,2023-05-14 00:00:00+00:00,114.53,-0.56,75.11850406235196,75.2463
96645,2023-05-14 00:00:00+00:00,111.66,-2.73,83.71979466375079,83.80939
96651,2023-05-14 00:00:00+00:00,112.93,-2.55,83.85663001196622,83.847664
96653,2023-05-14 00:00:00+00:00,114.9,-1.67,84.82574428263035,84.24023
96655,2023-05-14 00:00:00+00:00,113.95,-2.22,83.8241897804529,83.735435
96595,2023-05-15 00:00:00+00:00,114.53,-0.56,83.23785530498631,83.38995
96645,2023-05-15 00:00:00+00:00,111.66,-2.73,85.88131654261655,85.51334
96651,2023-05-15 00:00:00+00:00,112.93,-2.55,85.70751262989984,85.4154
96653,2023-05-15 00:00:00+00:00,114.9,-1.67,84.72497343203425,85.351204
96655,2023-05-15 00:00:00+00:00,113.95,-2.22,86.10015044292116,85.83813
96595,2023-05-16 00:00:00+00:00,114.53,-0.56,83.22731541003749,83.98032
96645,2023-05-16 00:00:00+00:00,111.66,-2.73,84.59252670158472,84.41953
96651,2023-05-16 00:00:00+00:00,112.93,-2.55,84.67731076935983,84.66321
96653,2023-05-16 00:00:00+00:00,114.9,-1.67,84.64221457379283,85.02038
96655,2023-05-16 00:00:00+00:00,113.95,-2.22,85.44125498526319,85.726456
96595,2023-05-17 00:00:00+00:00,114.53,-0.56,82.28222341146271,82.4204
96645,2023-05-17 00:00:00+00:00,111.66,-2.73,81.922411772068,82.10665
96651,2023-05-17 00:00:00+00:00,112.93,-2.55,68.12839649433153,68.12799
96653,2023-05-17 00:00:00+00:00,114.9,-1.67,86.33695014294796,85.42258
96655,2023-05-17 00:00:00+00:00,113.95,-2.22,73.42602366048645,73.556
96595,2023-05-18 00:00:00+00:00,114.53,-0.56,64.6799452757755,64.90631
96645,2023-05-18 00:00:00+00:00,111.66,-2.73,81.85025686594477,82.55363
96651,2023-05-18 00:00:00+00:00,112.93,-2.55,67.11207914911283,67.14765
96653,2023-05-18 00:00:00+00:00,114.9,-1.67,66.5113697111215,66.402054
96655,2023-05-18 00:00:00+00:00,113.95,-2.22,70.95343652043141,70.79463
96595,2023-05-19 00:00:00+00:00,114.53,-0.56,72.39755907690703,72.25081
96645,2023-05-19 00:00:00+00:00,111.66,-2.73,60.05011748891268,59.95339
96651,2023-05-19 00:00:00+00:00,112.93,-2.55,63.8080889484817,63.850136
96653,2023-05-19 00:00:00+00:00,114.9,-1.67,66.23841596618698,66.11181
96655,2023-05-19 00:00:00+00:00,113.95,-2.22,78.98323855115311,79.13042
96595,2023-05-20 00:00:00+00:00,114.53,-0.56,82.39194879592017,82.64201
96645,2023-05-20 00:00:00+00:00,111.66,-2.73,82.14053157277753,82.30072
96651,2023-05-20 00:00:00+00:00,112.93,-2.55,81.83815238627908,81.894035
96653,2023-05-20 00:00:00+00:00,114.9,-1.67,81.88667170120253,81.77108
96655,2023-05-20 00:00:00+00:00,113.95,-2.22,80.27764973937344,80.45637
96595,2023-05-21 00:00:00+00:00,114.53,-0.56,61.22953864522979,61.27185
96645,2023-05-21 00:00:00+00:00,111.66,-2.73,84.69481029883083,84.54334
96651,2023-05-21 00:00:00+00:00,112.93,-2.55,83.78904349836681,83.43461
96653,2023-05-21 00:00:00+00:00,114.9,-1.67,69.03481559416836,69.024864
96655,2023-05-21 00:00:00+00:00,113.95,-2.22,85.17536498540606,85.24398
96595,2023-05-22 00:00:00+00:00,114.53,-0.56,49.14962722606597,49.189423
96645,2023-05-22 00:00:00+00:00,111.66,-2.73,84.43740400259055,84.998215
96651,2023-05-22 00:00:00+00:00,112.93,-2.55,83.70634397516967,84.333
96653,2023-05-22 00:00:00+00:00,114.9,-1.67,66.55404653593662,66.65207
96655,2023-05-22 00:00:00+00:00,113.95,-2.22,84.49681165980712,84.7611
96595,2023-05-23 00:00:00+00:00,114.53,-0.56,63.41845213979148,63.47124
96645,2023-05-23 00:00:00+00:00,111.66,-2.73,84.40255493227095,84.6751
96651,2023-05-23 00:00:00+00:00,112.93,-2.55,83.52756400042239,83.8146
96653,2023-05-23 00:00:00+00:00,114.9,-1.67,83.93799622464198,83.97432
96655,2023-05-23 00:00:00+00:00,113.95,-2.22,84.52953131800886,84.17974
96595,2023-05-24 00:00:00+00:00,114.53,-0.56,79.96449591939067,79.57441
96645,2023-05-24 00:00:00+00:00,111.66,-2.73,83.7810816924522,83.86515
96651,2023-05-24 00:00:00+00:00,112.93,-2.55,85.05859887696995,84.24048
96653,2023-05-24 00:00:00+00:00,114.9,-1.67,82.19160707990433,82.19695
96655,2023-05-24 00:00:00+00:00,113.95,-2.22,81.26001707106661,81.30851
96595,2023-05-25 00:00:00+00:00,114.53,-0.56,84.13277925603899,84.03442
96645,2023-05-25 00:00:00+00:00,111.66,-2.73,69.82146428644013,69.93797
96651,2023-05-25 00:00:00+00:00,112.93,-2.55,83.85130258654993,83.75222
96653,2023-05-25 00:00:00+00:00,114.9,-1.67,85.32312325192459,85.36512
96655,2023-05-25 00:00:00+00:00,113.95,-2.22,85.38543931269652,85.44736
96595,2023-05-26 00:00:00+00:00,114.53,-0.56,83.58550680352414,83.62371
96645,2023-05-26 00:00:00+00:00,111.66,-2.73,81.79635164870417,81.728
96651,2023-05-26 00:00:00+00:00,112.93,-2.55,82.92772531320159,82.927505
96653,2023-05-26 00:00:00+00:00,114.9,-1.67,72.39380558399075,72.57189
96655,2023-05-26 00:00:00+00:00,113.95,-2.22,84.65200125879733,84.84223
96595,2023-05-27 00:00:00+00:00,114.53,-0.56,81.15386775943462,81.14398
96645,2023-05-27 00:00:00+00:00,111.66,-2.73,69.98855869773354,70.08184
96651,2023-05-27 00:00:00+00:00,112.93,-2.55,82.21758469935708,82.34858
96653,2023-05-27 00:00:00+00:00,114.9,-1.67,83.36834632568885,83.32409
96655,2023-05-27 00:00:00+00:00,113.95,-2.22,84.10919939700118,83.87355
96595,2023-05-28 00:00:00+00:00,114.53,-0.56,81.19712840971695,81.766624
96645,2023-05-28 00:00:00+00:00,111.66,-2.73,82.96497889716458,83.15376
96651,2023-05-28 00:00:00+00:00,112.93,-2.55,85.1410558375045,85.09151
96653,2023-05-28 00:00:00+00:00,114.9,-1.67,66.36296459850999,66.56806
96655,2023-05-28 00:00:00+00:00,113.95,-2.22,84.15364140699037,84.68026
96595,2023-05-29 00:00:00+00:00,114.53,-0.56,80.5663018017028,80.5366
96645,2023-05-29 00:00:00+00:00,111.66,-2.73,85.15342521016525,84.90678
96651,2023-05-29 00:00:00+00:00,112.93,-2.55,83.97205703103425,83.8155
96653,2023-05-29 00:00:00+00:00,114.9,-1.67,72.23746966322862,72.212616
96655,2023-05-29 00:00:00+00:00,113.95,-2.22,76.15269209722668,76.271484
96595,2023-05-30 00:00:00+00:00,114.53,-0.56,83.23636258676754,83.16747
96645,2023-05-30 00:00:00+00:00,111.66,-2.73,84.16279567364829,84.14088
96651,2023-05-30 00:00:00+00:00,112.93,-2.55,83.75483098567416,84.02979
96653,2023-05-30 00:00:00+00:00,114.9,-1.67,84.42763241807546,84.625755
96655,2023-05-30 00:00:00+00:00,113.95,-2.22,84.94695512243842,84.70807
96595,2023-05-31 00:00:00+00:00,114.53,-0.56,81.11868394886251,81.037674
96645,2023-05-31 00:00:00+00:00,111.66,-2.73,83.75165120453464,83.915184
96651,2023-05-31 00:00:00+00:00,112.93,-2.55,83.6068816195304,83.84317
96653,2023-05-31 00:00:00+00:00,114.9,-1.67,85.96810653721539,85.440475
96655,2023-05-31 00:00:00+00:00,113.95,-2.22,84.77219867781078,85.29499
96595,2023-06-01 00:00:00+00:00,114.53,-0.56,60.20737796888848,60.10689
96645,2023-06-01 00:00:00+00:00,111.66,-2.73,83.55667029693747,83.74843
96651,2023-06-01 00:00:00+00:00,112.93,-2.55,83.6351321453342,84.03411
96653,2023-06-01 00:00:00+00:00,114.9,-1.67,82.47163986816871,82.44619
96655,2023-06-01 00:00:00+00:00,113.95,-2.22,84.66297828444594,84.96667
96595,2023-06-02 00:00:00+00:00,114.53,-0.56,71.39376059413839,71.63685
96645,2023-06-02 00:00:00+00:00,111.66,-2.73,83.39098079271162,83.653656
96651,2023-06-02 00:00:00+00:00,112.93,-2.55,83.08079114042718,83.24433
96653,2023-06-02 00:00:00+00:00,114.9,-1.67,85.87154638237921,85.72215
96655,2023-06-02 00:00:00+00:00,113.95,-2.22,84.2200794258747,84.35934
96595,2023-06-03 00:00:00+00:00,114.53,-0.56,64.90654406195675,64.910446
96645,2023-06-03 00:00:00+00:00,111.66,-2.73,82.94553539437916,83.14323
96651,2023-06-03 00:00:00+00:00,112.93,-2.55,69.10915299835055,69.038376
96653,2023-06-03 00:00:00+00:00,114.9,-1.67,73.87216086761028,74.24634
96655,2023-06-03 00:00:00+00:00,113.95,-2.22,70.20027209613485,70.34308
96595,2023-06-04 00:00:00+00:00,114.53,-0.56,69.54717276396283,69.58358
96645,2023-06-04 00:00:00+00:00,111.66,-2.73,76.29994634025523,76.28312
96651,2023-06-04 00:00:00+00:00,112.93,-2.55,69.06050087039678,69.203384
96653,2023-06-04 00:00:00+00:00,114.9,-1.67,82.97376598750117,82.76591
96655,2023-06-04 00:00:00+00:00,113.95,-2.22,82.78471510734902,82.89604
96595,2023-06-05 00:00:00+00:00,114.53,-0.56,52.87607784339134,52.79451
96645,2023-06-05 00:00:00+00:00,111.66,-2.73,81.96999401490643,81.859024
96651,2023-06-05 00:00:00+00:00,112.93,-2.55,81.00191431472484,81.06963
96653,2023-06-05 00:00:00+00:00,114.9,-1.67,81.68696947747132,81.49306
96655,2023-06-05 00:00:00+00:00,113.95,-2.22,82.64162303834993,82.5216
96595,2023-06-06 00:00:00+00:00,114.53,-0.56,63.74747812302905,63.311474
96645,2023-06-06 00:00:00+00:00,111.66,-2.73,83.80799969542957,83.539925
96651,2023-06-06 00:00:00+00:00,112.93,-2.55,84.05148065353144,83.96716
96653,2023-06-06 00:00:00+00:00,114.9,-1.67,64.8375841565916,64.91578
96655,2023-06-06 00:00:00+00:00,113.95,-2.22,68.44657220022475,68.4367
96595,2023-06-07 00:00:00+00:00,114.53,-0.56,78.83853508922176,78.48759
96645,2023-06-07 00:00:00+00:00,111.66,-2.73,69.19853619105932,69.10618
96651,2023-06-07 00:00:00+00:00,112.93,-2.55,82.27053802689676,81.86162
96653,2023-06-07 00:00:00+00:00,114.9,-1.67,67.09628936870267,67.11343
96655,2023-06-07 00:00:00+00:00,113.95,-2.22,71.7842553839049,71.82305
96595,2023-06-08 00:00:00+00:00,114.53,-0.56,83.8422369251305,83.8803
96645,2023-06-08 00:00:00+00:00,111.66,-2.73,83.64649865791422,83.706055
96651,2023-06-08 00:00:00+00:00,112.93,-2.55,84.55905906611069,84.2703
96653,2023-06-08 00:00:00+00:00,114.9,-1.67,67.41585516028576,67.35068
96655,2023-06-08 00:00:00+00:00,113.95,-2.22,82.56684911171152,82.5042
96595,2023-06-09 00:00:00+00:00,114.53,-0.56,82.54982078333194,82.176506
96645,2023-06-09 00:00:00+00:00,111.66,-2.73,85.4090291483808,85.141754
96651,2023-06-09 00:00:00+00:00,112.93,-2.55,84.23108797653074,84.9987
96653,2023-06-09 00:00:00+00:00,114.9,-1.67,81.86630582317277,82.0499
96655,2023-06-09 00:00:00+00:00,113.95,-2.22,86.10398714709076,85.9772
96595,2023-06-10 00:00:00+00:00,114.53,-0.56,84.23047370600413,83.98297
96645,2023-06-10 00:00:00+00:00,111.66,-2.73,84.35316874917213,84.314316
96651,2023-06-10 00:00:00+00:00,112.93,-2.55,83.49157187116455,83.538
96653,2023-06-10 00:00:00+00:00,114.9,-1.67,85.41381740910924,85.41274
96655,2023-06-10 00:00:00+00:00,113.95,-2.22,84.31830248058041,84.06505
96595,2023-06-11 00:00:00+00:00,114.53,-0.56,77.79479050258006,77.74474
96645,2023-06-11 00:00:00+00:00,111.66,-2.73,83.26556740242745,83.256325
96651,2023-06-11 00:00:00+00:00,112.93,-2.55,82.9463015475827,83.15772
96653,2023-06-11 00:00:00+00:00,114.9,-1.67,85.08014662895316,85.57932
96655,2023-06-11 00:00:00+00:00,113.95,-2.22,76.08400614749308,76.28326
96595,2023-06-12 00:00:00+00:00,114.53,-0.56,83.22244729650868,83.26828
96645,2023-06-12 00:00:00+00:00,111.66,-2.73,60.57877477014982,60.86548
96651,2023-06-12 00:00:00+00:00,112.93,-2.55,82.09172570702401,82.459076
96653,2023-06-12 00:00:00+00:00,114.9,-1.67,84.14383933908304,84.229324
96655,2023-06-12 00:00:00+00:00,113.95,-2.22,82.59785940498442,82.5612
96595,2023-06-13 00:00:00+00:00,114.53,-0.56,81.78097704108968,82.14464
96645,2023-06-13 00:00:00+00:00,111.66,-2.73,70.69353992529119,70.60106
96651,2023-06-13 00:00:00+00:00,112.93,-2.55,84.46460426153212,84.08592
96653,2023-06-13 00:00:00+00:00,114.9,-1.67,76.20128475599944,76.16513
96655,2023-06-13 00:00:00+00:00,113.95,-2.22,84.54638055037681,84.17755
96595,2023-06-14 00:00:00+00:00,114.53,-0.56,60.15932468246663,60.26468
96645,2023-06-14 00:00:00+00:00,111.66,-2.73,79.56642061415288,79.077934
96651,2023-06-14 00:00:00+00:00,112.93,-2.55,72.1202349112205,72.09635
96653,2023-06-14 00:00:00+00:00,114.9,-1.67,69.47933168706537,69.649734
96655,2023-06-14 00:00:00+00:00,113.95,-2.22,69.0319751113637,69.036385
96595,2023-06-15 00:00:00+00:00,114.53,-0.56,78.87161951484104,79.00378
96645,2023-06-15 00:00:00+00:00,111.66,-2.73,63.46146050938066,63.47206
96651,2023-06-15 00:00:00+00:00,112.93,-2.55,81.17774153993665,81.18736
96653,2023-06-15 00:00:00+00:00,114.9,-1.67,81.03999157492376,81.04664
96655,2023-06-15 00:00:00+00:00,113.95,-2.22,79.74620642930243,79.75847
96595,2023-06-16 00:00:00+00:00,114.53,-0.56,62.03783638804816,61.978962
96645,2023-06-16 00:00:00+00:00,111.66,-2.73,63.61749140630205,63.46675
96651,2023-06-16 00:00:00+00:00,112.93,-2.55,83.74061940174661,83.41475
96653,2023-06-16 00:00:00+00:00,114.9,-1.67,82.7889833996363,82.964584
96655,2023-06-16 00:00:00+00:00,113.95,-2.22,84.84947332463678,84.89294
96595,2023-06-17 00:00:00+00:00,114.53,-0.56,69.7266484570697,69.77924
96645,2023-06-17 00:00:00+00:00,111.66,-2.73,81.34406211778702,81.29465
96651,2023-06-17 00:00:00+00:00,112.93,-2.55,82.67579367029968,82.45088
96653,2023-06-17 00:00:00+00:00,114.9,-1.67,84.95000419131345,84.49468
96655,2023-06-17 00:00:00+00:00,113.95,-2.22,73.93061992328788,73.83286
96595,2023-06-18 00:00:00+00:00,114.53,-0.56,80.7019355074288,80.75339
96645,2023-06-18 00:00:00+00:00,111.66,-2.73,84.65828410069754,84.67198
96651,2023-06-18 00:00:00+00:00,112.93,-2.55,84.2888586726154,83.72885
96653,2023-06-18 00:00:00+00:00,114.9,-1.67,83.79713384122839,83.77168
96655,2023-06-18 00:00:00+00:00,113.95,-2.22,84.05857022877227,84.07541
96595,2023-06-19 00:00:00+00:00,114.53,-0.56,70.23299061557252,70.13827
96645,2023-06-19 00:00:00+00:00,111.66,-2.73,68.45704541754795,68.37745
96651,2023-06-19 00:00:00+00:00,112.93,-2.55,83.17636377115562,83.06445
96653,2023-06-19 00:00:00+00:00,114.9,-1.67,69.37443510402016,69.21938
96655,2023-06-19 00:00:00+00:00,113.95,-2.22,77.93938216525402,78.089294
96595,2023-06-20 00:00:00+00:00,114.53,-0.56,78.30574345211886,78.24091
96645,2023-06-20 00:00:00+00:00,111.66,-2.73,80.22897825208123,80.176216
96651,2023-06-20 00:00:00+00:00,112.93,-2.55,82.10441583363998,82.24703
96653,2023-06-20 00:00:00+00:00,114.9,-1.67,81.12522592893839,81.40378
96655,2023-06-20 00:00:00+00:00,113.95,-2.22,82.0673055014511,82.07813
96595,2023-06-21 00:00:00+00:00,114.53,-0.56,83.45330323722436,83.37158
96645,2023-06-21 00:00:00+00:00,111.66,-2.73,84.27087686918067,84.09198
96651,2023-06-21 00:00:00+00:00,112.93,-2.55,84.22274001698372,83.869774
96653,2023-06-21 00:00:00+00:00,114.9,-1.67,85.54007799165242,85.50358
96655,2023-06-21 00:00:00+00:00,113.95,-2.22,79.79947702330996,80.19861
96595,2023-06-22 00:00:00+00:00,114.53,-0.56,83.39784112849298,84.03246
96645,2023-06-22 00:00:00+00:00,111.66,-2.73,83.93983562674647,84.30534
96651,2023-06-22 00:00:00+00:00,112.93,-2.55,84.24894838918958,85.21714
96653,2023-06-22 00:00:00+00:00,114.9,-1.67,85.21457145839973,85.60326
96655,2023-06-22 00:00:00+00:00,113.95,-2.22,86.14888200970724,86.116684
96595,2023-06-23 00:00:00+00:00,114.53,-0.56,74.38146216357693,74.43609
96645,2023-06-23 00:00:00+00:00,111.66,-2.73,85.91875252561958,85.40397
96651,2023-06-23 00:00:00+00:00,112.93,-2.55,84.00701655318142,84.18908
96653,2023-06-23 00:00:00+00:00,114.9,-1.67,85.155964514805,85.49503
96655,2023-06-23 00:00:00+00:00,113.95,-2.22,84.43087326091796,84.41366
96595,2023-06-24 00:00:00+00:00,114.53,-0.56,60.93400522575681,60.765625
96645,2023-06-24 00:00:00+00:00,111.66,-2.73,84.40850696499325,84.12221
96651,2023-06-24 00:00:00+00:00,112.93,-2.55,83.88029882480018,84.074905
96653,2023-06-24 00:00:00+00:00,114.9,-1.67,84.43922623154091,84.62495
96655,2023-06-24 00:00:00+00:00,113.95,-2.22,84.45824278451413,84.74695
96595,2023-06-25 00:00:00+00:00,114.53,-0.56,80.17095945669837,80.36649
96645,2023-06-25 00:00:00+00:00,111.66,-2.73,84.1418550237411,84.60528
96651,2023-06-25 00:00:00+00:00,112.93,-2.55,83.14830726410737,83.158134
96653,2023-06-25 00:00:00+00:00,114.9,-1.67,86.08264884564981,85.49346
96655,2023-06-25 00:00:00+00:00,113.95,-2.22,84.48580530849407,84.63636
96595,2023-06-26 00:00:00+00:00,114.53,-0.56,83.19603095234208,83.08496
96645,2023-06-26 00:00:00+00:00,111.66,-2.73,84.17725557429179,84.60773
96651,2023-06-26 00:00:00+00:00,112.93,-2.55,84.86934736429777,84.41922
96653,2023-06-26 00:00:00+00:00,114.9,-1.67,85.10117151782674,85.11918
96655,2023-06-26 00:00:00+00:00,113.95,-2.22,86.1321720906943,85.73398
96595,2023-06-27 00:00:00+00:00,114.53,-0.56,82.01698002256593,81.695694
96645,2023-06-27 00:00:00+00:00,111.66,-2.73,85.68716562159493,84.95011
96651,2023-06-27 00:00:00+00:00,112.93,-2.55,84.33503301251696,84.598076
96653,2023-06-27 00:00:00+00:00,114.9,-1.67,83.91951177364716,83.85814
96655,2023-06-27 00:00:00+00:00,113.95,-2.22,84.83103920579524,84.83761
96595,2023-06-28 00:00:00+00:00,114.53,-0.56,83.58480449878452,83.356026
96645,2023-06-28 00:00:00+00:00,111.66,-2.73,79.42725967445688,79.46723
96651,2023-06-28 00:00:00+00:00,112.93,-2.55,84.1078278541764,84.257286
96653,2023-06-28 00:00:00+00:00,114.9,-1.67,83.61390154976678,83.796875
96655,2023-06-28 00:00:00+00:00,113.95,-2.22,84.36092715290484,84.49049
96595,2023-06-29 00:00:00+00:00,114.53,-0.56,80.65213213273178,80.82977
96645,2023-06-29 00:00:00+00:00,111.66,-2.73,66.2708270625855,66.237885
96651,2023-06-29 00:00:00+00:00,112.93,-2.55,83.11223693735677,83.141266
96653,2023-06-29 00:00:00+00:00,114.9,-1.67,80.49905753428119,80.72363
96655,2023-06-29 00:00:00+00:00,113.95,-2.22,84.30964719052137,84.45029
96595,2023-06-30 00:00:00+00:00,114.53,-0.56,83.1953848550965,82.87026
96645,2023-06-30 00:00:00+00:00,111.66,-2.73,73.66876038594968,73.73949
96651,2023-06-30 00:00:00+00:00,112.93,-2.55,59.1995244296056,59.149292
96653,2023-06-30 00:00:00+00:00,114.9,-1.67,84.19581735599148,83.80823
96655,2023-06-30 00:00:00+00:00,113.95,-2.22,83.96767873221918,84.00705
96595,2023-07-01 00:00:00+00:00,114.53,-0.56,82.47746389595532,82.7963
96645,2023-07-01 00:00:00+00:00,111.66,-2.73,81.93726993447753,81.810524
96651,2023-07-01 00:00:00+00:00,112.93,-2.55,64.97514704599307,65.05987
96653,2023-07-01 00:00:00+00:00,114.9,-1.67,69.73384031301599,69.659096
96655,2023-07-01 00:00:00+00:00,113.95,-2.22,61.790794050409495,61.39961
96595,2023-07-02 00:00:00+00:00,114.53,-0.56,62.76064154273361,62.919193
96645,2023-07-02 00:00:00+00:00,111.66,-2.73,73.84020115747782,73.892235
96651,2023-07-02 00:00:00+00:00,112.93,-2.55,76.67680511603572,76.82105
96653,2023-07-02 00:00:00+00:00,114.9,-1.67,63.94495577828549,63.921066
96655,2023-07-02 00:00:00+00:00,113.95,-2.22,63.38781932736698,62.830555
96595,2023-07-03 00:00:00+00:00,114.53,-0.56,73.7707774465125,74.96283
96645,2023-07-03 00:00:00+00:00,111.66,-2.73,82.39589476659066,82.561295
96651,2023-07-03 00:00:00+00:00,112.93,-2.55,80.90692239110109,80.468666
96653,2023-07-03 00:00:00+00:00,114.9,-1.67,78.41862038353369,78.47018
96655,2023-07-03 00:00:00+00:00,113.95,-2.22,79.19015725475857,79.18522
96595,2023-07-04 00:00:00+00:00,114.53,-0.56,79.32028603955376,79.17388
96645,2023-07-04 00:00:00+00:00,111.66,-2.73,84.52217726576185,84.216446
96651,2023-07-04 00:00:00+00:00,112.93,-2.55,83.88920408887842,83.72069
96653,2023-07-04 00:00:00+00:00,114.9,-1.67,83.46896396242336,83.451164
96655,2023-07-04 00:00:00+00:00,113.95,-2.22,84.1349304250953,84.14371
96595,2023-07-05 00:00:00+00:00,114.53,-0.56,61.92387647125446,61.930603
96645,2023-07-05 00:00:00+00:00,111.66,-2.73,83.45633637519171,83.32058
96651,2023-07-05 00:00:00+00:00,112.93,-2.55,82.81687366767956,82.874435
96653,2023-07-05 00:00:00+00:00,114.9,-1.67,85.10139595346918,84.66343
96655,2023-07-05 00:00:00+00:00,113.95,-2.22,69.02494429747694,69.15396
96595,2023-07-06 00:00:00+00:00,114.53,-0.56,76.86009081409203,76.8136
96645,2023-07-06 00:00:00+00:00,111.66,-2.73,67.78967235421574,67.8091
96651,2023-07-06 00:00:00+00:00,112.93,-2.55,64.61919990624679,64.86225
96653,2023-07-06 00:00:00+00:00,114.9,-1.67,75.59373325138525,75.190544
96655,2023-07-06 00:00:00+00:00,113.95,-2.22,68.77517220493584,68.76484
96595,2023-07-07 00:00:00+00:00,114.53,-0.56,57.40310379984636,57.515793
96645,2023-07-07 00:00:00+00:00,111.66,-2.73,55.00637001606397,54.63194
96651,2023-07-07 00:00:00+00:00,112.93,-2.55,73.8391022398474,73.87054
96653,2023-07-07 00:00:00+00:00,114.9,-1.67,70.63651419667279,70.55524
96655,2023-07-07 00:00:00+00:00,113.95,-2.22,69.25709468592301,69.18863
96595,2023-07-08 00:00:00+00:00,114.53,-0.56,77.93585239261407,77.77027
96645,2023-07-08 00:00:00+00:00,111.66,-2.73,77.17951274640896,77.227776
96651,2023-07-08 00:00:00+00:00,112.93,-2.55,52.42720231884103,52.58139
96653,2023-07-08 00:00:00+00:00,114.9,-1.67,77.05704658180667,77.102776
96655,2023-07-08 00:00:00+00:00,113.95,-2.22,81.29016175627939,81.30215
96595,2023-07-09 00:00:00+00:00,114.53,-0.56,83.71392115320035,83.85194
96645,2023-07-09 00:00:00+00:00,111.66,-2.73,81.59955957367393,81.838425
96651,2023-07-09 00:00:00+00:00,112.93,-2.55,76.40970205662241,76.540504
96653,2023-07-09 00:00:00+00:00,114.9,-1.67,85.69422083788693,85.99722
96655,2023-07-09 00:00:00+00:00,113.95,-2.22,84.17490887124835,83.96516
96595,2023-07-10 00:00:00+00:00,114.53,-0.56,83.23395301916719,83.23686
96645,2023-07-10 00:00:00+00:00,111.66,-2.73,84.38206608181648,83.98622
96651,2023-07-10 00:00:00+00:00,112.93,-2.55,83.93155133835593,84.14848
96653,2023-07-10 00:00:00+00:00,114.9,-1.67,84.58925255996691,84.75517
96655,2023-07-10 00:00:00+00:00,113.95,-2.22,83.96108305242387,84.363556
96595,2023-07-11 00:00:00+00:00,114.53,-0.56,82.3315458640193,82.31764
96645,2023-07-11 00:00:00+00:00,111.66,-2.73,82.62782330427827,82.487236
96651,2023-07-11 00:00:00+00:00,112.93,-2.55,83.4911374269211,83.806335
96653,2023-07-11 00:00:00+00:00,114.9,-1.67,83.51377173587034,83.50849
96655,2023-07-11 00:00:00+00:00,113.95,-2.22,85.88260822287248,85.25531
96595,2023-07-12 00:00:00+00:00,114.53,-0.56,82.29311861540742,83.111305
96645,2023-07-12 00:00:00+00:00,111.66,-2.73,85.70801087997484,85.51129
96651,2023-07-12 00:00:00+00:00,112.93,-2.55,85.47700972280188,84.788795
96653,2023-07-12 00:00:00+00:00,114.9,-1.67,85.40793812542746,84.997574
96655,2023-07-12 00:00:00+00:00,113.95,-2.22,85.013539086994,85.23921
96595,2023-07-13 00:00:00+00:00,114.53,-0.56,81.69180468685073,81.94234
96645,2023-07-13 00:00:00+00:00,111.66,-2.73,84.1010405572102,83.80877
96651,2023-07-13 00:00:00+00:00,112.93,-2.55,82.81789993704793,82.64146
96653,2023-07-13 00:00:00+00:00,114.9,-1.67,83.7072989171324,83.49883
96655,2023-07-13 00:00:00+00:00,113.95,-2.22,83.70581707569073,83.75279
96595,2023-07-14 00:00:00+00:00,114.53,-0.56,60.28507557639325,60.249607
96645,2023-07-14 00:00:00+00:00,111.66,-2.73,60.00754639636397,59.845592
96651,2023-07-14 00:00:00+00:00,112.93,-2.55,57.107047273134654,57.260426
96653,2023-07-14 00:00:00+00:00,114.9,-1.67,65.52341604500688,65.65871
96655,2023-07-14 00:00:00+00:00,113.95,-2.22,69.12469844133007,69.17672
96595,2023-07-15 00:00:00+00:00,114.53,-0.56,74.35939892246365,74.51704
96645,2023-07-15 00:00:00+00:00,111.66,-2.73,57.52661444265707,57.349586
96651,2023-07-15 00:00:00+00:00,112.93,-2.55,64.00175805391079,64.24271
96653,2023-07-15 00:00:00+00:00,114.9,-1.67,80.5094673335362,80.59142
96655,2023-07-15 00:00:00+00:00,113.95,-2.22,69.55091500024817,69.70408
96595,2023-07-16 00:00:00+00:00,114.53,-0.56,79.8751559104209,79.85738
96645,2023-07-16 00:00:00+00:00,111.66,-2.73,79.42247108605905,79.37523
96651,2023-07-16 00:00:00+00:00,112.93,-2.55,81.5175272727787,81.45912
96653,2023-07-16 00:00:00+00:00,114.9,-1.67,75.87941311308579,76.02753
96655,2023-07-16 00:00:00+00:00,113.95,-2.22,83.39152340748197,83.3979
96595,2023-07-17 00:00:00+00:00,114.53,-0.56,82.31021488594207,82.023766
96645,2023-07-17 00:00:00+00:00,111.66,-2.73,84.41114831040073,84.43032
96651,2023-07-17 00:00:00+00:00,112.93,-2.55,83.7830285554873,83.42799
96653,2023-07-17 00:00:00+00:00,114.9,-1.67,83.87600656161854,83.76026
96655,2023-07-17 00:00:00+00:00,113.95,-2.22,85.26938560860339,85.052925
96595,2023-07-18 00:00:00+00:00,114.53,-0.56,82.26035447831212,83.00127
96645,2023-07-18 00:00:00+00:00,111.66,-2.73,84.0520060807783,84.43482
96651,2023-07-18 00:00:00+00:00,112.93,-2.55,83.23846509860375,83.53408
96653,2023-07-18 00:00:00+00:00,114.9,-1.67,85.62349420334112,85.290474
96655,2023-07-18 00:00:00+00:00,113.95,-2.22,84.83748104121985,85.26998
96595,2023-07-19 00:00:00+00:00,114.53,-0.56,65.20872295125835,65.42295
96645,2023-07-19 00:00:00+00:00,111.66,-2.73,82.88808999829871,82.70838
96651,2023-07-19 00:00:00+00:00,112.93,-2.55,82.46094326619513,82.71958
96653,2023-07-19 00:00:00+00:00,114.9,-1.67,85.22594956572347,86.01268
96655,2023-07-19 00:00:00+00:00,113.95,-2.22,84.02017652794528,84.13161
96595,2023-07-20 00:00:00+00:00,114.53,-0.56,79.2284328235937,79.25642
96645,2023-07-20 00:00:00+00:00,111.66,-2.73,61.325584579241024,61.57357
96651,2023-07-20 00:00:00+00:00,112.93,-2.55,54.42150228279353,54.218575
96653,2023-07-20 00:00:00+00:00,114.9,-1.67,56.93604677533136,57.272026
96655,2023-07-20 00:00:00+00:00,113.95,-2.22,69.5362472622412,69.50877
96595,2023-07-21 00:00:00+00:00,114.53,-0.56,63.969519239950856,64.08166
96645,2023-07-21 00:00:00+00:00,111.66,-2.73,55.10212166035063,55.05093
96651,2023-07-21 00:00:00+00:00,112.93,-2.55,59.06646881715018,58.88082
96653,2023-07-21 00:00:00+00:00,114.9,-1.67,66.3415744544787,66.44453
96655,2023-07-21 00:00:00+00:00,113.95,-2.22,63.51054380460719,63.436497
96595,2023-07-22 00:00:00+00:00,114.53,-0.56,80.02235382222428,79.83059
96645,2023-07-22 00:00:00+00:00,111.66,-2.73,81.23616265547274,81.10713
96651,2023-07-22 00:00:00+00:00,112.93,-2.55,79.2405792907802,79.059296
96653,2023-07-22 00:00:00+00:00,114.9,-1.67,82.44377559412099,82.27194
96655,2023-07-22 00:00:00+00:00,113.95,-2.22,81.22061259698549,81.2384
96595,2023-07-23 00:00:00+00:00,114.53,-0.56,83.12118355980958,83.062614
96645,2023-07-23 00:00:00+00:00,111.66,-2.73,84.68078252095805,84.61528
96651,2023-07-23 00:00:00+00:00,112.93,-2.55,83.20047099870102,82.99659
96653,2023-07-23 00:00:00+00:00,114.9,-1.67,85.1428914575181,84.926285
96655,2023-07-23 00:00:00+00:00,113.95,-2.22,83.24069343382703,83.27057
96595,2023-07-24 00:00:00+00:00,114.53,-0.56,75.8692440405645,76.36498
96645,2023-07-24 00:00:00+00:00,111.66,-2.73,83.61841453204408,83.42191
96651,2023-07-24 00:00:00+00:00,112.93,-2.55,79.82460216123185,79.90993
96653,2023-07-24 00:00:00+00:00,114.9,-1.67,77.72397150880644,77.825905
96655,2023-07-24 00:00:00+00:00,113.95,-2.22,85.51895771410561,84.95388
96595,2023-07-25 00:00:00+00:00,114.53,-0.56,82.91084759619199,83.01886
96645,2023-07-25 00:00:00+00:00,111.66,-2.73,85.32071716473972,84.66097
96651,2023-07-25 00:00:00+00:00,112.93,-2.55,84.74008017905291,84.76295
96653,2023-07-25 00:00:00+00:00,114.9,-1.67,86.37940884574401,86.433304
96655,2023-07-25 00:00:00+00:00,113.95,-2.22,85.22431980097141,85.87204
96595,2023-07-26 00:00:00+00:00,114.53,-0.56,82.3125812567206,82.445435
96645,2023-07-26 00:00:00+00:00,111.66,-2.73,84.66617996493588,85.17218
96651,2023-07-26 00:00:00+00:00,112.93,-2.55,84.30662125272976,84.7163
96653,2023-07-26 00:00:00+00:00,114.9,-1.67,85.36533995696057,85.54646
96655,2023-07-26 00:00:00+00:00,113.95,-2.22,85.55740698019531,85.54346
96595,2023-07-27 00:00:00+00:00,114.53,-0.56,84.65481202523388,84.28238
96645,2023-07-27 00:00:00+00:00,111.66,-2.73,84.41818375849573,84.656044
96651,2023-07-27 00:00:00+00:00,112.93,-2.55,83.98115747421068,84.11194
96653,2023-07-27 00:00:00+00:00,114.9,-1.67,84.96584446245967,85.1356
96655,2023-07-27 00:00:00+00:00,113.95,-2.22,84.91524328930998,85.13198
96595,2023-07-28 00:00:00+00:00,114.53,-0.56,83.80053449193571,83.7139
96645,2023-07-28 00:00:00+00:00,111.66,-2.73,83.88236333432756,84.0251
96651,2023-07-28 00:00:00+00:00,112.93,-2.55,85.64416690838246,84.94621
96653,2023-07-28 00:00:00+00:00,114.9,-1.67,87.45232900971983,87.23036
96655,2023-07-28 00:00:00+00:00,113.95,-2.22,84.69871836020454,84.91489
96595,2023-07-29 00:00:00+00:00,114.53,-0.56,83.15926753735044,83.09185
96645,2023-07-29 00:00:00+00:00,111.66,-2.73,86.26626284625475,85.89475
96651,2023-07-29 00:00:00+00:00,112.93,-2.55,84.6705402822509,84.70227
96653,2023-07-29 00:00:00+00:00,114.9,-1.67,85.99997742085576,86.02502
96655,2023-07-29 00:00:00+00:00,113.95,-2.22,86.43605772997927,85.8795
96595,2023-07-30 00:00:00+00:00,114.53,-0.56,83.17506362107963,83.73039
96645,2023-07-30 00:00:00+00:00,111.66,-2.73,84.62396040042617,84.4878
96651,2023-07-30 00:00:00+00:00,112.93,-2.55,84.20646308285214,84.43327
96653,2023-07-30 00:00:00+00:00,114.9,-1.67,85.65576730851106,86.23509
96655,2023-07-30 00:00:00+00:00,113.95,-2.22,85.05146101430773,85.0396
96595,2023-07-31 00:00:00+00:00,114.53,-0.56,82.91238743340861,83.23645
96645,2023-07-31 00:00:00+00:00,111.66,-2.73,83.95036092884297,83.938
96651,2023-07-31 00:00:00+00:00,112.93,-2.55,83.88159495207769,84.11485
96653,2023-07-31 00:00:00+00:00,114.9,-1.67,85.47986895458133,85.968735
96655,2023-07-31 00:00:00+00:00,113.95,-2.22,85.42076830795946,85.41072
96595,2023-08-01 00:00:00+00:00,114.53,-0.56,82.92218875733657,83.55895
96645,2023-08-01 00:00:00+00:00,111.66,-2.73,83.9816245429517,84.33936
96651,2023-08-01 00:00:00+00:00,112.93,-2.55,83.63663332353457,83.91261
96653,2023-08-01 00:00:00+00:00,114.9,-1.67,84.08201958182006,84.01053
96655,2023-08-01 00:00:00+00:00,113.95,-2.22,84.64946017104674,84.72969
96595,2023-08-02 00:00:00+00:00,114.53,-0.56,63.438717787026526,63.441525
96645,2023-08-02 00:00:00+00:00,111.66,-2.73,63.711095158675576,63.87913
96651,2023-08-02 00:00:00+00:00,112.93,-2.55,70.72339890561435,70.73678
96653,2023-08-02 00:00:00+00:00,114.9,-1.67,85.5686606643978,85.23835
96655,2023-08-02 00:00:00+00:00,113.95,-2.22,69.87456367256236,69.875626
96595,2023-08-03 00:00:00+00:00,114.53,-0.56,81.72133697448758,81.52842
96645,2023-08-03 00:00:00+00:00,111.66,-2.73,82.76318844074584,82.9828
96651,2023-08-03 00:00:00+00:00,112.93,-2.55,83.5420733786383,83.63662
96653,2023-08-03 00:00:00+00:00,114.9,-1.67,84.33516803930878,84.12151
96655,2023-08-03 00:00:00+00:00,113.95,-2.22,84.27360985443674,84.2587
96595,2023-08-04 00:00:00+00:00,114.53,-0.56,70.50507801996952,70.55997
96645,2023-08-04 00:00:00+00:00,111.66,-2.73,85.69539482413421,85.638885
96651,2023-08-04 00:00:00+00:00,112.93,-2.55,85.38546419907564,85.19751
96653,2023-08-04 00:00:00+00:00,114.9,-1.67,84.24880979335428,84.72412
96655,2023-08-04 00:00:00+00:00,113.95,-2.22,86.5818997561708,86.468864
96595,2023-08-05 00:00:00+00:00,114.53,-0.56,81.35294686262009,81.41886
96645,2023-08-05 00:00:00+00:00,111.66,-2.73,81.02746804116369,81.03074
96651,2023-08-05 00:00:00+00:00,112.93,-2.55,84.16058150740629,84.15747
96653,2023-08-05 00:00:00+00:00,114.9,-1.67,86.22037924102992,85.63294
96655,2023-08-05 00:00:00+00:00,113.95,-2.22,76.75706021437533,76.775314
96595,2023-08-06 00:00:00+00:00,114.53,-0.56,78.53925440397705,78.388176
96645,2023-08-06 00:00:00+00:00,111.66,-2.73,66.66977393674456,66.607704
96651,2023-08-06 00:00:00+00:00,112.93,-2.55,82.84390402547581,82.83039
96653,2023-08-06 00:00:00+00:00,114.9,-1.67,68.16793710718937,68.14671
96655,2023-08-06 00:00:00+00:00,113.95,-2.22,83.97432039391454,83.98654
96595,2023-08-07 00:00:00+00:00,114.53,-0.56,62.46322777515625,62.51618
96645,2023-08-07 00:00:00+00:00,111.66,-2.73,71.29257107424077,71.691315
96651,2023-08-07 00:00:00+00:00,112.93,-2.55,84.73842584058346,84.394165
96653,2023-08-07 00:00:00+00:00,114.9,-1.67,69.49831107523404,69.357666
96655,2023-08-07 00:00:00+00:00,113.95,-2.22,83.08159137078201,83.29715
96595,2023-08-08 00:00:00+00:00,114.53,-0.56,64.58027219242605,64.53117
96645,2023-08-08 00:00:00+00:00,111.66,-2.73,85.06271949013137,85.019196
96651,2023-08-08 00:00:00+00:00,112.93,-2.55,84.76042536116513,85.43899
96653,2023-08-08 00:00:00+00:00,114.9,-1.67,83.43128414623315,83.45717
96655,2023-08-08 00:00:00+00:00,113.95,-2.22,86.79660834597033,86.7956
96595,2023-08-09 00:00:00+00:00,114.53,-0.56,78.99517999309063,79.1518
96645,2023-08-09 00:00:00+00:00,111.66,-2.73,84.59563234505994,84.90078
96651,2023-08-09 00:00:00+00:00,112.93,-2.55,84.56486829944635,84.767624
96653,2023-08-09 00:00:00+00:00,114.9,-1.67,85.42268136386566,85.00549
96655,2023-08-09 00:00:00+00:00,113.95,-2.22,85.75541701918745,85.91907
96595,2023-08-10 00:00:00+00:00,114.53,-0.56,82.98740245295447,82.91082
96645,2023-08-10 00:00:00+00:00,111.66,-2.73,84.40204014418717,84.59531
96651,2023-08-10 00:00:00+00:00,112.93,-2.55,84.09505006033409,84.34297
96653,2023-08-10 00:00:00+00:00,114.9,-1.67,85.23326528342332,86.0082
96655,2023-08-10 00:00:00+00:00,113.95,-2.22,85.09489397528579,85.29099
96595,2023-08-11 00:00:00+00:00,114.53,-0.56,82.62907176472281,82.91869
96645,2023-08-11 00:00:00+00:00,111.66,-2.73,84.31698848652182,84.59495
96651,2023-08-11 00:00:00+00:00,112.93,-2.55,84.09849032713588,84.420654
96653,2023-08-11 00:00:00+00:00,114.9,-1.67,84.8673078898864,85.12761
96655,2023-08-11 00:00:00+00:00,113.95,-2.22,86.76610694270933,86.30853
96595,2023-08-12 00:00:00+00:00,114.53,-0.56,84.11616424821801,83.55711
96645,2023-08-12 00:00:00+00:00,111.66,-2.73,86.29683886471618,85.85288
96651,2023-08-12 00:00:00+00:00,112.93,-2.55,83.96757715529971,84.30071
96653,2023-08-12 00:00:00+00:00,114.9,-1.67,86.90282096732736,86.44743
96655,2023-08-12 00:00:00+00:00,113.95,-2.22,78.12729259983355,78.1679
96595,2023-08-13 00:00:00+00:00,114.53,-0.56,83.70308699847364,83.99731
96645,2023-08-13 00:00:00+00:00,111.66,-2.73,85.12641822252195,85.09586
96651,2023-08-13 00:00:00+00:00,112.93,-2.55,85.67522555545816,85.03356
96653,2023-08-13 00:00:00+00:00,114.9,-1.67,85.48383788528479,85.50126
96655,2023-08-13 00:00:00+00:00,113.95,-2.22,86.52822559994875,86.4857
96595,2023-08-14 00:00:00+00:00,114.53,-0.56,82.95314422500513,82.93265
96645,2023-08-14 00:00:00+00:00,111.66,-2.73,84.84310273746088,85.191895
96651,2023-08-14 00:00:00+00:00,112.93,-2.55,84.46562532622525,84.34818
96653,2023-08-14 00:00:00+00:00,114.9,-1.67,84.75464710227034,84.89959
96655,2023-08-14 00:00:00+00:00,113.95,-2.22,85.51175730236312,85.83986
96595,2023-08-15 00:00:00+00:00,114.53,-0.56,82.27577085579733,82.45214
96645,2023-08-15 00:00:00+00:00,111.66,-2.73,84.45107206834857,84.61819
96651,2023-08-15 00:00:00+00:00,112.93,-2.55,83.72314697527429,83.77447
96653,2023-08-15 00:00:00+00:00,114.9,-1.67,84.12540915570315,84.17638
96655,2023-08-15 00:00:00+00:00,113.95,-2.22,84.84698601933235,84.975464
96595,2023-08-16 00:00:00+00:00,114.53,-0.56,83.96482596599851,83.58564
96645,2023-08-16 00:00:00+00:00,111.66,-2.73,86.0437073314128,85.15443
96651,2023-08-16 00:00:00+00:00,112.93,-2.55,85.71581310689389,85.35724
96653,2023-08-16 00:00:00+00:00,114.9,-1.67,86.07122796000944,85.66581
96655,2023-08-16 00:00:00+00:00,113.95,-2.22,87.22643993431878,87.01676
96595,2023-08-17 00:00:00+00:00,114.53,-0.56,83.77560472078076,84.507484
96645,2023-08-17 00:00:00+00:00,111.66,-2.73,84.40637627023384,84.11749
96651,2023-08-17 00:00:00+00:00,112.93,-2.55,84.42418904223578,84.25321
96653,2023-08-17 00:00:00+00:00,114.9,-1.67,85.50815505587127,85.94278
96655,2023-08-17 00:00:00+00:00,113.95,-2.22,85.71869035891756,85.719086
96595,2023-08-18 00:00:00+00:00,114.53,-0.56,75.37885966312858,75.24202
96645,2023-08-18 00:00:00+00:00,111.66,-2.73,84.43329061139957,84.96825
96651,2023-08-18 00:00:00+00:00,112.93,-2.55,83.67693643165417,83.69149
96653,2023-08-18 00:00:00+00:00,114.9,-1.67,79.0528252294748,78.37985
96655,2023-08-18 00:00:00+00:00,113.95,-2.22,85.19113343538832,85.37229
96595,2023-08-19 00:00:00+00:00,114.53,-0.56,81.77759740718889,81.67241
96645,2023-08-19 00:00:00+00:00,111.66,-2.73,84.4110605784927,84.61539
96651,2023-08-19 00:00:00+00:00,112.93,-2.55,83.45038310619151,83.78134
96653,2023-08-19 00:00:00+00:00,114.9,-1.67,84.42559236300174,84.29333
96655,2023-08-19 00:00:00+00:00,113.95,-2.22,86.83863033623662,86.40455
96595,2023-08-20 00:00:00+00:00,114.53,-0.56,84.59815600573583,84.53546
96645,2023-08-20 00:00:00+00:00,111.66,-2.73,84.4492837871442,84.72291
96651,2023-08-20 00:00:00+00:00,112.93,-2.55,83.32642846193885,83.56831
96653,2023-08-20 00:00:00+00:00,114.9,-1.67,87.39968158501536,87.48497
96655,2023-08-20 00:00:00+00:00,113.95,-2.22,85.63269936724913,85.75284
96595,2023-08-21 00:00:00+00:00,114.53,-0.56,84.4778848707045,85.05089
96645,2023-08-21 00:00:00+00:00,111.66,-2.73,86.11919129678938,85.51141
96651,2023-08-21 00:00:00+00:00,112.93,-2.55,85.40096299709359,85.02384
96653,2023-08-21 00:00:00+00:00,114.9,-1.67,86.58943869857958,86.96234
96655,2023-08-21 00:00:00+00:00,113.95,-2.22,87.4760439272554,87.24314
96595,2023-08-22 00:00:00+00:00,114.53,-0.56,83.61364824766503,83.64305
96645,2023-08-22 00:00:00+00:00,111.66,-2.73,84.92682425777456,84.8599
96651,2023-08-22 00:00:00+00:00,112.93,-2.55,84.63602392723104,84.88593
96653,2023-08-22 00:00:00+00:00,114.9,-1.67,68.43733052031202,68.487785
96655,2023-08-22 00:00:00+00:00,113.95,-2.22,84.87921527834239,84.489044
96595,2023-08-23 00:00:00+00:00,114.53,-0.56,63.75201180031121,63.725662
96645,2023-08-23 00:00:00+00:00,111.66,-2.73,83.80873777053412,83.69646
96651,2023-08-23 00:00:00+00:00,112.93,-2.55,82.53710193092564,82.53912
96653,2023-08-23 00:00:00+00:00,114.9,-1.67,82.93120332912301,83.10034
96655,2023-08-23 00:00:00+00:00,113.95,-2.22,83.69220635910389,83.78654
96595,2023-08-24 00:00:00+00:00,114.53,-0.56,81.2631143174884,81.28885
96645,2023-08-24 00:00:00+00:00,111.66,-2.73,77.81300608285977,77.89924
96651,2023-08-24 00:00:00+00:00,112.93,-2.55,84.32969798322291,83.8178
96653,2023-08-24 00:00:00+00:00,114.9,-1.67,68.1497897488395,68.05101
96655,2023-08-24 00:00:00+00:00,113.95,-2.22,85.77649961196195,85.53395
96595,2023-08-25 00:00:00+00:00,114.53,-0.56,57.19462513832046,57.29958
96645,2023-08-25 00:00:00+00:00,111.66,-2.73,66.90637871777575,66.82299
96651,2023-08-25 00:00:00+00:00,112.93,-2.55,83.81270167114677,84.38428
96653,2023-08-25 00:00:00+00:00,114.9,-1.67,83.28423416257371,83.203255
96655,2023-08-25 00:00:00+00:00,113.95,-2.22,84.23709494704238,84.103516
96595,2023-08-26 00:00:00+00:00,114.53,-0.56,79.03790465127805,79.02826
96645,2023-08-26 00:00:00+00:00,111.66,-2.73,82.94331702137099,83.041985
96651,2023-08-26 00:00:00+00:00,112.93,-2.55,83.42504958530826,83.57291
96653,2023-08-26 00:00:00+00:00,114.9,-1.67,84.93021501529024,84.4627
96655,2023-08-26 00:00:00+00:00,113.95,-2.22,84.23498628326921,84.75667
96595,2023-08-27 00:00:00+00:00,114.53,-0.56,60.49132058422212,60.28729
96645,2023-08-27 00:00:00+00:00,111.66,-2.73,85.81680814214783,85.674706
96651,2023-08-27 00:00:00+00:00,112.93,-2.55,85.551664293742,85.26908
96653,2023-08-27 00:00:00+00:00,114.9,-1.67,86.69587807475476,86.55294
96655,2023-08-27 00:00:00+00:00,113.95,-2.22,87.40199511596899,87.3866
96595,2023-08-28 00:00:00+00:00,114.53,-0.56,79.20573360071569,79.36936
96645,2023-08-28 00:00:00+00:00,111.66,-2.73,85.04027201887304,85.22869
96651,2023-08-28 00:00:00+00:00,112.93,-2.55,84.64962987918982,84.71584
96653,2023-08-28 00:00:00+00:00,114.9,-1.67,84.9236279194411,84.699295
96655,2023-08-28 00:00:00+00:00,113.95,-2.22,85.79124747545481,85.70012
96595,2023-08-29 00:00:00+00:00,114.53,-0.56,83.08789003468625,82.91547
96645,2023-08-29 00:00:00+00:00,111.66,-2.73,86.57359375268653,86.00985
96651,2023-08-29 00:00:00+00:00,112.93,-2.55,84.50289417445929,84.83047
96653,2023-08-29 00:00:00+00:00,114.9,-1.67,86.90963751570878,86.72013
96655,2023-08-29 00:00:00+00:00,113.95,-2.22,87.51914046457095,87.209694
96595,2023-08-30 00:00:00+00:00,114.53,-0.56,84.66813006044953,84.31876
96645,2023-08-30 00:00:00+00:00,111.66,-2.73,84.45274785730479,84.13269
96651,2023-08-30 00:00:00+00:00,112.93,-2.55,84.19067879522902,84.404915
96653,2023-08-30 00:00:00+00:00,114.9,-1.67,85.77580731329718,85.80225
96655,2023-08-30 00:00:00+00:00,113.95,-2.22,86.23127242766408,86.11629
96595,2023-08-31 00:00:00+00:00,114.53,-0.56,83.87209482814201,83.704025
96645,2023-08-31 00:00:00+00:00,111.66,-2.73,84.35850115426119,84.835884
96651,2023-08-31 00:00:00+00:00,112.93,-2.55,84.17628959212739,84.6169
96653,2023-08-31 00:00:00+00:00,114.9,-1.67,87.53274077566213,87.12827
96655,2023-08-31 00:00:00+00:00,113.95,-2.22,85.93050397511998,86.29472
96595,2023-09-01 00:00:00+00:00,114.53,-0.56,83.07100443894556,83.05523
96645,2023-09-01 00:00:00+00:00,111.66,-2.73,86.09507352847302,85.207504
96651,2023-09-01 00:00:00+00:00,112.93,-2.55,86.21935831492283,85.66555
96653,2023-09-01 00:00:00+00:00,114.9,-1.67,85.52706529862807,85.36761
96655,2023-09-01 00:00:00+00:00,113.95,-2.22,85.61669879711567,85.91515
96595,2023-09-02 00:00:00+00:00,114.53,-0.56,84.98059044522917,84.75617
96645,2023-09-02 00:00:00+00:00,111.66,-2.73,85.18798929467007,85.44865
96651,2023-09-02 00:00:00+00:00,112.93,-2.55,85.34331842710588,85.45761
96653,2023-09-02 00:00:00+00:00,114.9,-1.67,87.55017810193995,87.119514
96655,2023-09-02 00:00:00+00:00,113.95,-2.22,87.98474240819235,87.85858
96595,2023-09-03 00:00:00+00:00,114.53,-0.56,83.92661773930794,83.669106
96645,2023-09-03 00:00:00+00:00,111.66,-2.73,86.81882071834782,85.86961
96651,2023-09-03 00:00:00+00:00,112.93,-2.55,84.73403951724701,84.79084
96653,2023-09-03 00:00:00+00:00,114.9,-1.67,85.802845236352,85.81814
96655,2023-09-03 00:00:00+00:00,113.95,-2.22,86.17747801688006,86.418045
96595,2023-09-04 00:00:00+00:00,114.53,-0.56,83.56205022583214,83.7731
96645,2023-09-04 00:00:00+00:00,111.66,-2.73,85.2510895235852,85.171326
96651,2023-09-04 00:00:00+00:00,112.93,-2.55,84.62165018192452,84.95128
96653,2023-09-04 00:00:00+00:00,114.9,-1.67,79.48135813086131,79.396645
96655,2023-09-04 00:00:00+00:00,113.95,-2.22,85.40477263873761,85.52258
96595,2023-09-05 00:00:00+00:00,114.53,-0.56,83.03968643832766,83.18281
96645,2023-09-05 00:00:00+00:00,111.66,-2.73,82.20561894333262,82.180984
96651,2023-09-05 00:00:00+00:00,112.93,-2.55,70.09656096558346,70.08583
96653,2023-09-05 00:00:00+00:00,114.9,-1.67,61.52277127652831,61.57213
96655,2023-09-05 00:00:00+00:00,113.95,-2.22,87.06000579127979,86.85338
96595,2023-09-06 00:00:00+00:00,114.53,-0.56,76.53946484944392,76.54186
96645,2023-09-06 00:00:00+00:00,111.66,-2.73,69.234062937001,69.16493
96651,2023-09-06 00:00:00+00:00,112.93,-2.55,74.7849753322544,74.86513
96653,2023-09-06 00:00:00+00:00,114.9,-1.67,80.8641574498889,81.09601
96655,2023-09-06 00:00:00+00:00,113.95,-2.22,70.47395329525422,70.493835
96595,2023-09-07 00:00:00+00:00,114.53,-0.56,81.63905056477516,81.58687
96645,2023-09-07 00:00:00+00:00,111.66,-2.73,59.51475390323953,59.711838
96651,2023-09-07 00:00:00+00:00,112.93,-2.55,79.87391279816998,80.05422
96653,2023-09-07 00:00:00+00:00,114.9,-1.67,84.2220143500696,83.71459
96655,2023-09-07 00:00:00+00:00,113.95,-2.22,59.824275458220335,59.830826
96595,2023-09-08 00:00:00+00:00,114.53,-0.56,84.10147100248204,83.80897
96645,2023-09-08 00:00:00+00:00,111.66,-2.73,71.45825930164547,71.48112
96651,2023-09-08 00:00:00+00:00,112.93,-2.55,84.17261828522216,84.12084
96653,2023-09-08 00:00:00+00:00,114.9,-1.67,86.94670118134209,86.837906
96655,2023-09-08 00:00:00+00:00,113.95,-2.22,77.81777445337349,77.851234
96595,2023-09-09 00:00:00+00:00,114.53,-0.56,83.50715796859569,83.69117
96645,2023-09-09 00:00:00+00:00,111.66,-2.73,84.71735992688195,84.43561
96651,2023-09-09 00:00:00+00:00,112.93,-2.55,86.50092949619419,86.287506
96653,2023-09-09 00:00:00+00:00,114.9,-1.67,86.04905312886866,86.639694
96655,2023-09-09 00:00:00+00:00,113.95,-2.22,87.53110697015204,87.5671
96595,2023-09-10 00:00:00+00:00,114.53,-0.56,72.40563522199756,72.25383
96645,2023-09-10 00:00:00+00:00,111.66,-2.73,86.46319686718026,85.95869
96651,2023-09-10 00:00:00+00:00,112.93,-2.55,84.89785947253887,84.75145
96653,2023-09-10 00:00:00+00:00,114.9,-1.67,87.65558541354001,86.7836
96655,2023-09-10 00:00:00+00:00,113.95,-2.22,85.98121175761302,86.00434
96595,2023-09-11 00:00:00+00:00,114.53,-0.56,82.63302070857887,82.59736
96645,2023-09-11 00:00:00+00:00,111.66,-2.73,85.0428606909929,85.00669
96651,2023-09-11 00:00:00+00:00,112.93,-2.55,74.99422090683936,74.92183
96653,2023-09-11 00:00:00+00:00,114.9,-1.67,85.28840407581056,85.08264
96655,2023-09-11 00:00:00+00:00,113.95,-2.22,85.11011771860291,85.22403
96595,2023-09-12 00:00:00+00:00,114.53,-0.56,69.43017342254889,69.5331
96645,2023-09-12 00:00:00+00:00,111.66,-2.73,84.86656068310496,85.212685
96651,2023-09-12 00:00:00+00:00,112.93,-2.55,70.92746527502455,70.91052
96653,2023-09-12 00:00:00+00:00,114.9,-1.67,73.64201701735179,73.821236
96655,2023-09-12 00:00:00+00:00,113.95,-2.22,83.89825843540171,83.9901
96595,2023-09-13 00:00:00+00:00,114.53,-0.56,82.25855329792466,82.42624
96645,2023-09-13 00:00:00+00:00,111.66,-2.73,84.2396769061844,84.37186
96651,2023-09-13 00:00:00+00:00,112.93,-2.55,83.35628807460812,83.47201
96653,2023-09-13 00:00:00+00:00,114.9,-1.67,85.15810018541974,85.23289
96655,2023-09-13 00:00:00+00:00,113.95,-2.22,86.0915689111208,85.81967
96595,2023-09-14 00:00:00+00:00,114.53,-0.56,84.4417428428944,83.94401
96645,2023-09-14 00:00:00+00:00,111.66,-2.73,86.42412538345742,86.02803
96651,2023-09-14 00:00:00+00:00,112.93,-2.55,85.25474526856615,84.95643
96653,2023-09-14 00:00:00+00:00,114.9,-1.67,84.80285377988845,85.238945
96655,2023-09-14 00:00:00+00:00,113.95,-2.22,84.08871436055544,83.9665
96595,2023-09-15 00:00:00+00:00,114.53,-0.56,83.68597140792757,83.63994
96645,2023-09-15 00:00:00+00:00,111.66,-2.73,84.43876181252642,84.344345
96651,2023-09-15 00:00:00+00:00,112.93,-2.55,83.89715172788699,83.76154
96653,2023-09-15 00:00:00+00:00,114.9,-1.67,83.80814285503608,83.888504
96655,2023-09-15 00:00:00+00:00,113.95,-2.22,86.16385104231985,85.80766
96595,2023-09-16 00:00:00+00:00,114.53,-0.56,83.07718672232055,83.03823
96645,2023-09-16 00:00:00+00:00,111.66,-2.73,86.29949313172432,85.90157
96651,2023-09-16 00:00:00+00:00,112.93,-2.55,85.63390420042775,85.17698
96653,2023-09-16 00:00:00+00:00,114.9,-1.67,86.52586459316298,86.415764
96655,2023-09-16 00:00:00+00:00,113.95,-2.22,84.77826208075302,84.71374
96595,2023-09-17 00:00:00+00:00,114.53,-0.56,81.9765796859302,81.930244
96645,2023-09-17 00:00:00+00:00,111.66,-2.73,62.07621604779988,62.115555
96651,2023-09-17 00:00:00+00:00,112.93,-2.55,61.23937805577309,61.271297
96653,2023-09-17 00:00:00+00:00,114.9,-1.67,67.24498460974783,67.328835
96655,2023-09-17 00:00:00+00:00,113.95,-2.22,73.42185200259733,73.392715
96595,2023-09-18 00:00:00+00:00,114.53,-0.56,64.27292941522956,64.202515
96645,2023-09-18 00:00:00+00:00,111.66,-2.73,75.25217043204668,75.19412
96651,2023-09-18 00:00:00+00:00,112.93,-2.55,82.03072698441316,82.246124
96653,2023-09-18 00:00:00+00:00,114.9,-1.67,68.45336752130262,68.39309
96655,2023-09-18 00:00:00+00:00,113.95,-2.22,82.8429356859975,82.96961
96595,2023-09-19 00:00:00+00:00,114.53,-0.56,75.94701771360465,75.81476
96645,2023-09-19 00:00:00+00:00,111.66,-2.73,84.71678315126542,84.72776
96651,2023-09-19 00:00:00+00:00,112.93,-2.55,68.21552472744158,68.113304
96653,2023-09-19 00:00:00+00:00,114.9,-1.67,77.72124833250174,77.86752
96655,2023-09-19 00:00:00+00:00,113.95,-2.22,69.03552699836288,69.064964
96595,2023-09-20 00:00:00+00:00,114.53,-0.56,62.68338141766129,62.802868
96645,2023-09-20 00:00:00+00:00,111.66,-2.73,84.11954102502693,84.40301
96651,2023-09-20 00:00:00+00:00,112.93,-2.55,83.11298983765496,83.13216
96653,2023-09-20 00:00:00+00:00,114.9,-1.67,85.47277213963403,85.56204
96655,2023-09-20 00:00:00+00:00,113.95,-2.22,84.45611428802542,84.40664
96595,2023-09-21 00:00:00+00:00,114.53,-0.56,81.12584979415998,80.85595
96645,2023-09-21 00:00:00+00:00,111.66,-2.73,86.2403610382328,85.86245
96651,2023-09-21 00:00:00+00:00,112.93,-2.55,85.51430049228931,85.48087
96653,2023-09-21 00:00:00+00:00,114.9,-1.67,87.52515813160575,87.28447
96655,2023-09-21 00:00:00+00:00,113.95,-2.22,87.07755302946995,87.04872
96595,2023-09-22 00:00:00+00:00,114.53,-0.56,83.5949495663322,83.30982
96645,2023-09-22 00:00:00+00:00,111.66,-2.73,85.16930716839663,85.19695
96651,2023-09-22 00:00:00+00:00,112.93,-2.55,84.50485718224276,84.55977
96653,2023-09-22 00:00:00+00:00,114.9,-1.67,86.9035093548569,87.07983
96655,2023-09-22 00:00:00+00:00,113.95,-2.22,85.98123545951505,86.01406
96595,2023-09-23 00:00:00+00:00,114.53,-0.56,83.14668170067931,83.40368
96645,2023-09-23 00:00:00+00:00,111.66,-2.73,86.6743407989387,86.10938
96651,2023-09-23 00:00:00+00:00,112.93,-2.55,84.22464422360031,84.45927
96653,2023-09-23 00:00:00+00:00,114.9,-1.67,86.16782010577606,86.408775
96655,2023-09-23 00:00:00+00:00,113.95,-2.22,86.01646783483272,86.20734
96595,2023-09-24 00:00:00+00:00,114.53,-0.56,85.4456881057933,85.18245
96645,2023-09-24 00:00:00+00:00,111.66,-2.73,85.04846942824089,84.78242
96651,2023-09-24 00:00:00+00:00,112.93,-2.55,83.85601998279313,84.03173
96653,2023-09-24 00:00:00+00:00,114.9,-1.67,87.89765839599796,87.67425
96655,2023-09-24 00:00:00+00:00,113.95,-2.22,81.92915712536923,81.80489
96595,2023-09-25 00:00:00+00:00,114.53,-0.56,84.00348955002242,83.676254
96645,2023-09-25 00:00:00+00:00,111.66,-2.73,84.3912780999868,84.4407
96651,2023-09-25 00:00:00+00:00,112.93,-2.55,83.62707589336287,83.8553
96653,2023-09-25 00:00:00+00:00,114.9,-1.67,86.01560321266605,85.960785
96655,2023-09-25 00:00:00+00:00,113.95,-2.22,87.17229326700577,87.115875
96595,2023-09-26 00:00:00+00:00,114.53,-0.56,85.5612514344868,85.258606
96645,2023-09-26 00:00:00+00:00,111.66,-2.73,87.04200826539491,86.86337
96651,2023-09-26 00:00:00+00:00,112.93,-2.55,85.88008676233873,85.42978
96653,2023-09-26 00:00:00+00:00,114.9,-1.67,88.13339543204224,88.000496
96655,2023-09-26 00:00:00+00:00,113.95,-2.22,86.22666164791323,86.41238
96595,2023-09-27 00:00:00+00:00,114.53,-0.56,84.89466029633367,84.92978
96645,2023-09-27 00:00:00+00:00,111.66,-2.73,85.42922436247035,85.27793
96651,2023-09-27 00:00:00+00:00,112.93,-2.55,84.90463856060167,84.9548
96653,2023-09-27 00:00:00+00:00,114.9,-1.67,86.65399198358998,86.75858
96655,2023-09-27 00:00:00+00:00,113.95,-2.22,86.21973264185617,86.44594
96595,2023-09-28 00:00:00+00:00,114.53,-0.56,64.00473465797499,64.06354
96645,2023-09-28 00:00:00+00:00,111.66,-2.73,85.41178193633345,85.709274
96651,2023-09-28 00:00:00+00:00,112.93,-2.55,84.22025133979683,84.15129
96653,2023-09-28 00:00:00+00:00,114.9,-1.67,88.31800478935173,88.267845
96655,2023-09-28 00:00:00+00:00,113.95,-2.22,87.80388463889773,87.5967
96595,2023-09-29 00:00:00+00:00,114.53,-0.56,82.47916549431866,82.38376
96645,2023-09-29 00:00:00+00:00,111.66,-2.73,84.83294352601558,84.908455
96651,2023-09-29 00:00:00+00:00,112.93,-2.55,84.1124771940949,84.43547
96653,2023-09-29 00:00:00+00:00,114.9,-1.67,85.86395137620099,85.70764
96655,2023-09-29 00:00:00+00:00,113.95,-2.22,85.80705688687448,85.767006
96595,2023-09-30 00:00:00+00:00,114.53,-0.56,82.25622757738144,82.61968
96645,2023-09-30 00:00:00+00:00,111.66,-2.73,87.36720134635274,87.25988
96651,2023-09-30 00:00:00+00:00,112.93,-2.55,83.9935615666653,84.23438
96653,2023-09-30 00:00:00+00:00,114.9,-1.67,85.03491197127008,85.143
96655,2023-09-30 00:00:00+00:00,113.95,-2.22,87.6136303829232,87.372406
96595,2023-10-01 00:00:00+00:00,114.53,-0.56,84.70566812083466,84.32045
96645,2023-10-01 00:00:00+00:00,111.66,-2.73,85.91454027764495,85.92389
96651,2023-10-01 00:00:00+00:00,112.93,-2.55,84.0281344638497,84.512115
96653,2023-10-01 00:00:00+00:00,114.9,-1.67,86.97686174350605,86.41844
96655,2023-10-01 00:00:00+00:00,113.95,-2.22,86.61822656289962,86.8905
96595,2023-10-02 00:00:00+00:00,114.53,-0.56,83.9864263471322,84.07115
96645,2023-10-02 00:00:00+00:00,111.66,-2.73,85.55979292039669,85.69004
96651,2023-10-02 00:00:00+00:00,112.93,-2.55,85.81491850633078,85.4243
96653,2023-10-02 00:00:00+00:00,114.9,-1.67,86.27116380874125,86.47377
96655,2023-10-02 00:00:00+00:00,113.95,-2.22,86.65994223277364,86.88951
96595,2023-10-03 00:00:00+00:00,114.53,-0.56,83.60638103063742,83.74113
96645,2023-10-03 00:00:00+00:00,111.66,-2.73,85.45415012222783,85.590225
96651,2023-10-03 00:00:00+00:00,112.93,-2.55,84.23785484147258,83.9852
96653,2023-10-03 00:00:00+00:00,114.9,-1.67,85.32394614430879,85.40373
96655,2023-10-03 00:00:00+00:00,113.95,-2.22,85.43853264682973,85.521454
96595,2023-10-04 00:00:00+00:00,114.53,-0.56,83.62854616065853,84.222206
96645,2023-10-04 00:00:00+00:00,111.66,-2.73,84.67607686088299,84.71738
96651,2023-10-04 00:00:00+00:00,112.93,-2.55,83.89994186608305,84.46392
96653,2023-10-04 00:00:00+00:00,114.9,-1.67,87.64307676602078,87.58245
96655,2023-10-04 00:00:00+00:00,113.95,-2.22,85.13496128632784,85.38468
96595,2023-10-05 00:00:00+00:00,114.53,-0.56,85.54000305074206,85.20039
96645,2023-10-05 00:00:00+00:00,111.66,-2.73,83.58294902832459,83.515785
96651,2023-10-05 00:00:00+00:00,112.93,-2.55,67.57504060683873,67.72925
96653,2023-10-05 00:00:00+00:00,114.9,-1.67,85.8186948187489,85.75247
96655,2023-10-05 00:00:00+00:00,113.95,-2.22,84.70695748771782,84.74691
96595,2023-10-06 00:00:00+00:00,114.53,-0.56,84.44254423298399,84.245255
96645,2023-10-06 00:00:00+00:00,111.66,-2.73,83.45114730401718,83.84473
96651,2023-10-06 00:00:00+00:00,112.93,-2.55,83.49410259822096,83.52366
96653,2023-10-06 00:00:00+00:00,114.9,-1.67,88.0441497531643,87.89426
96655,2023-10-06 00:00:00+00:00,113.95,-2.22,84.7323243850084,84.9844
96595,2023-10-07 00:00:00+00:00,114.53,-0.56,85.90511636658867,85.50631
96645,2023-10-07 00:00:00+00:00,111.66,-2.73,86.72665757959646,86.76919
96651,2023-10-07 00:00:00+00:00,112.93,-2.55,70.1441944206103,70.18624
96653,2023-10-07 00:00:00+00:00,114.9,-1.67,71.98847986145975,71.9771
96655,2023-10-07 00:00:00+00:00,113.95,-2.22,87.20180698852172,86.459
96595,2023-10-08 00:00:00+00:00,114.53,-0.56,61.09004340042576,60.83964
96645,2023-10-08 00:00:00+00:00,111.66,-2.73,68.61829145716203,68.59058
96651,2023-10-08 00:00:00+00:00,112.93,-2.55,76.21421729174125,76.50545
96653,2023-10-08 00:00:00+00:00,114.9,-1.67,69.07760576511127,68.96416
96655,2023-10-08 00:00:00+00:00,113.95,-2.22,83.6573437559287,83.39114
96595,2023-10-09 00:00:00+00:00,114.53,-0.56,78.84644412711465,78.99715
96645,2023-10-09 00:00:00+00:00,111.66,-2.73,58.164913816888266,58.21102
96651,2023-10-09 00:00:00+00:00,112.93,-2.55,82.53528140944212,82.423004
96653,2023-10-09 00:00:00+00:00,114.9,-1.67,67.80122280265525,67.88703
96655,2023-10-09 00:00:00+00:00,113.95,-2.22,82.76536601322469,83.00468
96595,2023-10-10 00:00:00+00:00,114.53,-0.56,84.28934151221347,84.35458
96645,2023-10-10 00:00:00+00:00,111.66,-2.73,82.80651621632519,82.77578
96651,2023-10-10 00:00:00+00:00,112.93,-2.55,85.03112197576877,84.89332
96653,2023-10-10 00:00:00+00:00,114.9,-1.67,83.40062889812346,83.33815
96655,2023-10-10 00:00:00+00:00,113.95,-2.22,80.27217106127468,80.43392
96595,2023-10-11 00:00:00+00:00,114.53,-0.56,83.80779264280483,83.98989
96645,2023-10-11 00:00:00+00:00,111.66,-2.73,85.45328582587673,85.16378
96651,2023-10-11 00:00:00+00:00,112.93,-2.55,84.12643518555005,84.10835
96653,2023-10-11 00:00:00+00:00,114.9,-1.67,86.0557582815796,85.6756
96655,2023-10-11 00:00:00+00:00,113.95,-2.22,86.04596308216819,85.92063
96595,2023-10-12 00:00:00+00:00,114.53,-0.56,61.94803889301455,61.82496
96645,2023-10-12 00:00:00+00:00,111.66,-2.73,84.56196245002457,84.55116
96651,2023-10-12 00:00:00+00:00,112.93,-2.55,84.11355026416696,84.734146
96653,2023-10-12 00:00:00+00:00,114.9,-1.67,85.49092884845014,85.71062
96655,2023-10-12 00:00:00+00:00,113.95,-2.22,85.60813494498704,86.237236
96595,2023-10-13 00:00:00+00:00,114.53,-0.56,58.65633494806412,58.74196
96645,2023-10-13 00:00:00+00:00,111.66,-2.73,84.46793785590457,84.82518
96651,2023-10-13 00:00:00+00:00,112.93,-2.55,84.1173422564948,84.39972
96653,2023-10-13 00:00:00+00:00,114.9,-1.67,84.34763388035451,84.31479
96655,2023-10-13 00:00:00+00:00,113.95,-2.22,85.3398592685554,85.38339
96595,2023-10-14 00:00:00+00:00,114.53,-0.56,77.20010553670637,77.639595
96645,2023-10-14 00:00:00+00:00,111.66,-2.73,84.4692428500302,84.726875
96651,2023-10-14 00:00:00+00:00,112.93,-2.55,83.728106750443,83.99017
96653,2023-10-14 00:00:00+00:00,114.9,-1.67,82.85908712871603,82.76741
96655,2023-10-14 00:00:00+00:00,113.95,-2.22,71.76336035644736,71.767914
96595,2023-10-15 00:00:00+00:00,114.53,-0.56,61.27668106230793,61.282757
96645,2023-10-15 00:00:00+00:00,111.66,-2.73,84.51674269197484,84.83291
96651,2023-10-15 00:00:00+00:00,112.93,-2.55,83.59887099830004,84.05284
96653,2023-10-15 00:00:00+00:00,114.9,-1.67,83.28565720448206,83.5191
96655,2023-10-15 00:00:00+00:00,113.95,-2.22,84.37654520341657,84.24846
96595,2023-10-16 00:00:00+00:00,114.53,-0.56,69.92894769078184,69.99261
96645,2023-10-16 00:00:00+00:00,111.66,-2.73,86.33840623858018,86.08217
96651,2023-10-16 00:00:00+00:00,112.93,-2.55,85.53501316049882,84.94642
96653,2023-10-16 00:00:00+00:00,114.9,-1.67,85.60398589786351,85.13602
96655,2023-10-16 00:00:00+00:00,113.95,-2.22,86.86501697290102,86.806786
96595,2023-10-17 00:00:00+00:00,114.53,-0.56,84.20996699926242,83.98761
96645,2023-10-17 00:00:00+00:00,111.66,-2.73,81.47019798650398,81.38025
96651,2023-10-17 00:00:00+00:00,112.93,-2.55,84.79190515463273,84.93188
96653,2023-10-17 00:00:00+00:00,114.9,-1.67,87.44563989739417,87.37854
96655,2023-10-17 00:00:00+00:00,113.95,-2.22,86.35144496640969,86.5143
96595,2023-10-18 00:00:00+00:00,114.53,-0.56,82.56305791640627,82.570656
96645,2023-10-18 00:00:00+00:00,111.66,-2.73,77.19228283949795,77.22096
96651,2023-10-18 00:00:00+00:00,112.93,-2.55,69.18419471603261,69.12275
96653,2023-10-18 00:00:00+00:00,114.9,-1.67,80.80841493682819,80.73904
96655,2023-10-18 00:00:00+00:00,113.95,-2.22,75.19530736995884,75.07339
96595,2023-10-19 00:00:00+00:00,114.53,-0.56,82.32548069557839,83.115166
96645,2023-10-19 00:00:00+00:00,111.66,-2.73,54.521418639319165,54.57347
96651,2023-10-19 00:00:00+00:00,112.93,-2.55,61.9921380967269,61.869152
96653,2023-10-19 00:00:00+00:00,114.9,-1.67,77.97335618464263,78.21912
96655,2023-10-19 00:00:00+00:00,113.95,-2.22,70.89211820064213,70.80042
96595,2023-10-20 00:00:00+00:00,114.53,-0.56,83.81438024234014,83.35992
96645,2023-10-20 00:00:00+00:00,111.66,-2.73,80.65057631528569,80.85207
96651,2023-10-20 00:00:00+00:00,112.93,-2.55,81.80501195238232,81.52848
96653,2023-10-20 00:00:00+00:00,114.9,-1.67,75.24783144649324,75.09806
96655,2023-10-20 00:00:00+00:00,113.95,-2.22,83.02345688822108,83.06683
96595,2023-10-21 00:00:00+00:00,114.53,-0.56,83.44741858388879,83.69622
96645,2023-10-21 00:00:00+00:00,111.66,-2.73,85.48962380998395,85.720955
96651,2023-10-21 00:00:00+00:00,112.93,-2.55,84.91850548940694,84.979866
96653,2023-10-21 00:00:00+00:00,114.9,-1.67,84.86379921092718,84.98107
96655,2023-10-21 00:00:00+00:00,113.95,-2.22,86.19019153215775,86.11936
96595,2023-10-22 00:00:00+00:00,114.53,-0.56,63.8909993971649,63.948975
96645,2023-10-22 00:00:00+00:00,111.66,-2.73,68.3927984395534,68.30453
96651,2023-10-22 00:00:00+00:00,112.93,-2.55,79.33769273494111,79.151566
96653,2023-10-22 00:00:00+00:00,114.9,-1.67,69.73715992874874,69.81924
96655,2023-10-22 00:00:00+00:00,113.95,-2.22,83.61833871916596,83.48066
96595,2023-10-23 00:00:00+00:00,114.53,-0.56,66.66094945132403,66.66856
96645,2023-10-23 00:00:00+00:00,111.66,-2.73,65.3903368128726,65.524956
96651,2023-10-23 00:00:00+00:00,112.93,-2.55,67.93703146862823,68.06095
96653,2023-10-23 00:00:00+00:00,114.9,-1.67,69.22560721775675,68.98175
96655,2023-10-23 00:00:00+00:00,113.95,-2.22,85.85265790725299,85.75973
96595,2023-10-24 00:00:00+00:00,114.53,-0.56,79.77986332888348,79.77298
96645,2023-10-24 00:00:00+00:00,111.66,-2.73,64.51211962293493,64.55797
96651,2023-10-24 00:00:00+00:00,112.93,-2.55,49.3924416590181,49.501076
96653,2023-10-24 00:00:00+00:00,114.9,-1.67,82.0891710367588,82.02314
96655,2023-10-24 00:00:00+00:00,113.95,-2.22,56.14176986361811,56.24966
96595,2023-10-25 00:00:00+00:00,114.53,-0.56,77.27164451502053,77.324234
96645,2023-10-25 00:00:00+00:00,111.66,-2.73,78.87674947222237,78.87499
96651,2023-10-25 00:00:00+00:00,112.93,-2.55,70.57398029857484,70.5842
96653,2023-10-25 00:00:00+00:00,114.9,-1.67,80.5359582032873,80.504135
96655,2023-10-25 00:00:00+00:00,113.95,-2.22,83.15943991487919,83.20931
96595,2023-10-26 00:00:00+00:00,114.53,-0.56,84.55567086163619,84.73952
96645,2023-10-26 00:00:00+00:00,111.66,-2.73,85.16922383115657,85.27788
96651,2023-10-26 00:00:00+00:00,112.93,-2.55,83.52738768148183,83.56074
96653,2023-10-26 00:00:00+00:00,114.9,-1.67,86.98251301208099,86.95885
96655,2023-10-26 00:00:00+00:00,113.95,-2.22,87.35086364586601,87.286415
96595,2023-10-27 00:00:00+00:00,114.53,-0.56,84.3719354028054,84.86935
96645,2023-10-27 00:00:00+00:00,111.66,-2.73,84.30781290649314,84.366585
96651,2023-10-27 00:00:00+00:00,112.93,-2.55,83.53325577549751,83.99046
96653,2023-10-27 00:00:00+00:00,114.9,-1.67,85.22269538070707,85.15679
96655,2023-10-27 00:00:00+00:00,113.95,-2.22,71.72246608568189,71.83512
96595,2023-10-28 00:00:00+00:00,114.53,-0.56,84.30638780708586,84.60245
96645,2023-10-28 00:00:00+00:00,111.66,-2.73,83.87948218247153,84.00825
96651,2023-10-28 00:00:00+00:00,112.93,-2.55,69.2900479246424,69.18488
96653,2023-10-28 00:00:00+00:00,114.9,-1.67,77.02842890963369,76.8081
96655,2023-10-28 00:00:00+00:00,113.95,-2.22,84.73862462241897,84.62301
96595,2023-10-29 00:00:00+00:00,114.53,-0.56,84.33127538410156,84.66274
96645,2023-10-29 00:00:00+00:00,111.66,-2.73,83.89877952835887,83.79412
96651,2023-10-29 00:00:00+00:00,112.93,-2.55,84.53724364965697,84.60787
96653,2023-10-29 00:00:00+00:00,114.9,-1.67,85.68620197990032,85.71103
96655,2023-10-29 00:00:00+00:00,113.95,-2.22,86.6928463622502,86.59104
96595,2023-10-30 00:00:00+00:00,114.53,-0.56,86.00260063575854,85.55424
96645,2023-10-30 00:00:00+00:00,111.66,-2.73,83.45149833569461,83.8269
96651,2023-10-30 00:00:00+00:00,112.93,-2.55,84.52858296994738,85.04831
96653,2023-10-30 00:00:00+00:00,114.9,-1.67,87.43095896543834,87.28918
96655,2023-10-30 00:00:00+00:00,113.95,-2.22,85.86021696357281,86.110985
96595,2023-10-31 00:00:00+00:00,114.53,-0.56,84.74813645878551,84.56728
96645,2023-10-31 00:00:00+00:00,111.66,-2.73,67.30267647682237,67.21552
96651,2023-10-31 00:00:00+00:00,112.93,-2.55,72.63019531839618,72.671776
96653,2023-10-31 00:00:00+00:00,114.9,-1.67,84.6367364979033,84.36229
96655,2023-10-31 00:00:00+00:00,113.95,-2.22,66.71059810645879,66.68257
96595,2023-11-01 00:00:00+00:00,114.53,-0.56,84.39829563181382,84.802155
96645,2023-11-01 00:00:00+00:00,111.66,-2.73,67.72810527647324,67.73256
96651,2023-11-01 00:00:00+00:00,112.93,-2.55,80.94444794767301,81.09062
96653,2023-11-01 00:00:00+00:00,114.9,-1.67,84.31661191817993,84.88954
96655,2023-11-01 00:00:00+00:00,113.95,-2.22,84.32590794968564,84.37287
96595,2023-11-02 00:00:00+00:00,114.53,-0.56,83.19297892547341,83.102356
96645,2023-11-02 00:00:00+00:00,111.66,-2.73,83.21425212388681,83.311844
96651,2023-11-02 00:00:00+00:00,112.93,-2.55,84.59114698746225,84.50325
96653,2023-11-02 00:00:00+00:00,114.9,-1.67,84.09324690696722,84.38678
96655,2023-11-02 00:00:00+00:00,113.95,-2.22,83.33704168934631,83.794174
96595,2023-11-03 00:00:00+00:00,114.53,-0.56,66.03169384679182,66.1042
96645,2023-11-03 00:00:00+00:00,111.66,-2.73,66.24634701999366,66.56365
96651,2023-11-03 00:00:00+00:00,112.93,-2.55,65.25452092967043,65.222435
96653,2023-11-03 00:00:00+00:00,114.9,-1.67,72.48817656034765,72.441795
96655,2023-11-03 00:00:00+00:00,113.95,-2.22,71.41286713495748,71.47161
96595,2023-11-04 00:00:00+00:00,114.53,-0.56,78.58693214417411,78.36459
96645,2023-11-04 00:00:00+00:00,111.66,-2.73,71.87897534791999,71.87086
96651,2023-11-04 00:00:00+00:00,112.93,-2.55,81.93742587173828,81.86004
96653,2023-11-04 00:00:00+00:00,114.9,-1.67,79.06872732008067,78.93406
96655,2023-11-04 00:00:00+00:00,113.95,-2.22,74.22007103755469,74.0207
96595,2023-11-05 00:00:00+00:00,114.53,-0.56,85.40353592873082,85.27109
96645,2023-11-05 00:00:00+00:00,111.66,-2.73,66.50108392233957,66.59417
96651,2023-11-05 00:00:00+00:00,112.93,-2.55,85.33866328651237,85.18754
96653,2023-11-05 00:00:00+00:00,114.9,-1.67,87.78449509634004,87.90948
96655,2023-11-05 00:00:00+00:00,113.95,-2.22,85.08438632953059,85.08698
96595,2023-11-06 00:00:00+00:00,114.53,-0.56,73.88144920307901,73.81003
96645,2023-11-06 00:00:00+00:00,111.66,-2.73,79.04464910246784,79.11607
96651,2023-11-06 00:00:00+00:00,112.93,-2.55,56.14375637560276,56.180916
96653,2023-11-06 00:00:00+00:00,114.9,-1.67,72.44942152945397,72.230835
96655,2023-11-06 00:00:00+00:00,113.95,-2.22,84.22466505727567,84.53424
96595,2023-11-07 00:00:00+00:00,114.53,-0.56,83.52917054593237,83.41492
96645,2023-11-07 00:00:00+00:00,111.66,-2.73,84.4945128056335,84.73205
96651,2023-11-07 00:00:00+00:00,112.93,-2.55,80.15570558504272,80.26688
96653,2023-11-07 00:00:00+00:00,114.9,-1.67,84.5811405892391,84.35838
96655,2023-11-07 00:00:00+00:00,113.95,-2.22,64.85992694320548,64.75545
96595,2023-11-08 00:00:00+00:00,114.53,-0.56,56.347125152238,53.526093
96645,2023-11-08 00:00:00+00:00,111.66,-2.73,84.19185651288366,84.470955
96651,2023-11-08 00:00:00+00:00,112.93,-2.55,84.37901890333913,84.35462
96653,2023-11-08 00:00:00+00:00,114.9,-1.67,72.62811628570041,72.64259
96655,2023-11-08 00:00:00+00:00,113.95,-2.22,84.04611834207152,83.70188
96595,2023-11-09 00:00:00+00:00,114.53,-0.56,58.17122738186496,58.151527
96645,2023-11-09 00:00:00+00:00,111.66,-2.73,83.06518657316497,83.15418
96651,2023-11-09 00:00:00+00:00,112.93,-2.55,82.415474896413,82.1247
96653,2023-11-09 00:00:00+00:00,114.9,-1.67,82.43995960545442,82.50498
96655,2023-11-09 00:00:00+00:00,113.95,-2.22,83.63136885578454,84.260284
96595,2023-11-10 00:00:00+00:00,114.53,-0.56,80.98817449077887,80.60001
96645,2023-11-10 00:00:00+00:00,111.66,-2.73,85.72218185148452,85.60751
96651,2023-11-10 00:00:00+00:00,112.93,-2.55,84.73379894435776,84.62715
96653,2023-11-10 00:00:00+00:00,114.9,-1.67,85.9139758813425,85.84296
96655,2023-11-10 00:00:00+00:00,113.95,-2.22,85.9901699695047,85.66014
96595,2023-11-11 00:00:00+00:00,114.53,-0.56,67.27908454535037,67.35752
96645,2023-11-11 00:00:00+00:00,111.66,-2.73,84.6956338965612,84.57093
96651,2023-11-11 00:00:00+00:00,112.93,-2.55,74.98041141262563,75.041664
96653,2023-11-11 00:00:00+00:00,114.9,-1.67,84.44701796538435,84.2921
96655,2023-11-11 00:00:00+00:00,113.95,-2.22,70.91995776431618,70.9053
96595,2023-11-12 00:00:00+00:00,114.53,-0.56,66.30312290432951,66.34432
96645,2023-11-12 00:00:00+00:00,111.66,-2.73,72.81381712475557,72.78174
96651,2023-11-12 00:00:00+00:00,112.93,-2.55,77.21139323428035,77.05639
96653,2023-11-12 00:00:00+00:00,114.9,-1.67,74.12863260153213,73.872765
96655,2023-11-12 00:00:00+00:00,113.95,-2.22,70.05027930079194,69.9836
96595,2023-11-13 00:00:00+00:00,114.53,-0.56,80.4641422861437,80.287506
96645,2023-11-13 00:00:00+00:00,111.66,-2.73,83.79825643671043,83.75081
96651,2023-11-13 00:00:00+00:00,112.93,-2.55,83.5178091853071,83.3924
96653,2023-11-13 00:00:00+00:00,114.9,-1.67,83.50382805851947,83.45536
96655,2023-11-13 00:00:00+00:00,113.95,-2.22,83.39715122659514,83.39209
96595,2023-11-14 00:00:00+00:00,114.53,-0.56,83.65683783616392,83.48077
96645,2023-11-14 00:00:00+00:00,111.66,-2.73,68.58179736410376,68.423996
96651,2023-11-14 00:00:00+00:00,112.93,-2.55,85.48711794209896,85.21176
96653,2023-11-14 00:00:00+00:00,114.9,-1.67,70.53743530925577,70.5726
96655,2023-11-14 00:00:00+00:00,113.95,-2.22,86.16088340007664,86.019104
96595,2023-11-15 00:00:00+00:00,114.53,-0.56,64.62306952308387,64.58362
96645,2023-11-15 00:00:00+00:00,111.66,-2.73,68.21740736852985,68.34958
96651,2023-11-15 00:00:00+00:00,112.93,-2.55,59.41945541548443,59.30251
96653,2023-11-15 00:00:00+00:00,114.9,-1.67,66.84751958502612,66.837135
96655,2023-11-15 00:00:00+00:00,113.95,-2.22,82.46528034369256,82.4706
96595,2023-11-16 00:00:00+00:00,114.53,-0.56,77.00795883597016,76.716415
96645,2023-11-16 00:00:00+00:00,111.66,-2.73,79.02176782134086,78.97124
96651,2023-11-16 00:00:00+00:00,112.93,-2.55,74.4596843075715,75.51936
96653,2023-11-16 00:00:00+00:00,114.9,-1.67,79.99470256474318,80.154045
96655,2023-11-16 00:00:00+00:00,113.95,-2.22,67.31558776696289,67.19816
96595,2023-11-17 00:00:00+00:00,114.53,-0.56,64.26790349175205,64.30557
96645,2023-11-17 00:00:00+00:00,111.66,-2.73,76.0724762444107,76.0594
96651,2023-11-17 00:00:00+00:00,112.93,-2.55,82.71964759454906,82.81169
96653,2023-11-17 00:00:00+00:00,114.9,-1.67,68.89885487252577,68.757256
96655,2023-11-17 00:00:00+00:00,113.95,-2.22,69.60375221739012,69.63111
96595,2023-11-18 00:00:00+00:00,114.53,-0.56,79.57618855974728,79.42561
96645,2023-11-18 00:00:00+00:00,111.66,-2.73,69.25209671150375,69.36086
96651,2023-11-18 00:00:00+00:00,112.93,-2.55,73.754843988496,73.741745
96653,2023-11-18 00:00:00+00:00,114.9,-1.67,62.41755300365447,62.49984
96655,2023-11-18 00:00:00+00:00,113.95,-2.22,82.42021136245602,82.3188
96595,2023-11-19 00:00:00+00:00,114.53,-0.56,81.28987891405889,80.925255
96645,2023-11-19 00:00:00+00:00,111.66,-2.73,83.09376498125391,83.11903
96651,2023-11-19 00:00:00+00:00,112.93,-2.55,64.85320074452099,65.12962
96653,2023-11-19 00:00:00+00:00,114.9,-1.67,74.28926336592002,74.00697
96655,2023-11-19 00:00:00+00:00,113.95,-2.22,82.25946703509912,82.33353
96595,2023-11-20 00:00:00+00:00,114.53,-0.56,84.29451166016588,83.975395
96645,2023-11-20 00:00:00+00:00,111.66,-2.73,75.13238240735517,75.24
96651,2023-11-20 00:00:00+00:00,112.93,-2.55,82.22234909435069,82.03092
96653,2023-11-20 00:00:00+00:00,114.9,-1.67,83.99982913763232,83.96742
96655,2023-11-20 00:00:00+00:00,113.95,-2.22,82.07878514526443,83.05874
96595,2023-11-21 00:00:00+00:00,114.53,-0.56,83.76624830460271,84.043884
96645,2023-11-21 00:00:00+00:00,111.66,-2.73,57.50975017434693,57.451363
96651,2023-11-21 00:00:00+00:00,112.93,-2.55,70.49795156475422,70.47215
96653,2023-11-21 00:00:00+00:00,114.9,-1.67,86.21279672868566,85.963394
96655,2023-11-21 00:00:00+00:00,113.95,-2.22,82.510483878096,82.53493
96595,2023-11-22 00:00:00+00:00,114.53,-0.56,85.47223761593501,85.17644
96645,2023-11-22 00:00:00+00:00,111.66,-2.73,64.16970274906747,64.11109
96651,2023-11-22 00:00:00+00:00,112.93,-2.55,82.46969891540118,82.2674
96653,2023-11-22 00:00:00+00:00,114.9,-1.67,74.5483983731594,74.453926
96655,2023-11-22 00:00:00+00:00,113.95,-2.22,79.83882340910054,79.73106
96595,2023-11-23 00:00:00+00:00,114.53,-0.56,72.64650297730019,72.535385
96645,2023-11-23 00:00:00+00:00,111.66,-2.73,79.62231133054186,79.4643
96651,2023-11-23 00:00:00+00:00,112.93,-2.55,81.84805176561348,81.99902
96653,2023-11-23 00:00:00+00:00,114.9,-1.67,77.12225090874489,76.77274
96655,2023-11-23 00:00:00+00:00,113.95,-2.22,78.62821218961756,78.79223
96595,2023-11-24 00:00:00+00:00,114.53,-0.56,75.69474821924648,75.58117
96645,2023-11-24 00:00:00+00:00,111.66,-2.73,66.62809489659503,66.66951
96651,2023-11-24 00:00:00+00:00,112.93,-2.55,69.28362858858164,69.38183
96653,2023-11-24 00:00:00+00:00,114.9,-1.67,80.11322747166344,79.92881
96655,2023-11-24 00:00:00+00:00,113.95,-2.22,77.23268000395392,77.17486
96595,2023-11-25 00:00:00+00:00,114.53,-0.56,83.54797018685548,83.88217
96645,2023-11-25 00:00:00+00:00,111.66,-2.73,81.79564598000152,81.7195
96651,2023-11-25 00:00:00+00:00,112.93,-2.55,66.2477754676349,66.18
96653,2023-11-25 00:00:00+00:00,114.9,-1.67,85.55802996600782,85.43053
96655,2023-11-25 00:00:00+00:00,113.95,-2.22,70.01571168948237,69.976395
96595,2023-11-26 00:00:00+00:00,114.53,-0.56,82.28966255360385,81.98833
96645,2023-11-26 00:00:00+00:00,111.66,-2.73,63.73512255649861,63.82262
96651,2023-11-26 00:00:00+00:00,112.93,-2.55,64.64536449221606,64.89286
96653,2023-11-26 00:00:00+00:00,114.9,-1.67,64.25743278750208,64.21373
96655,2023-11-26 00:00:00+00:00,113.95,-2.22,67.28495048585263,67.16647
96595,2023-11-27 00:00:00+00:00,114.53,-0.56,84.39975069400339,84.27446
96645,2023-11-27 00:00:00+00:00,111.66,-2.73,81.65900215799995,81.83072
96651,2023-11-27 00:00:00+00:00,112.93,-2.55,81.1052274946815,81.06242
96653,2023-11-27 00:00:00+00:00,114.9,-1.67,82.21245229978675,82.45582
96655,2023-11-27 00:00:00+00:00,113.95,-2.22,82.26276653836878,82.42402
96595,2023-11-28 00:00:00+00:00,114.53,-0.56,66.1557658867503,65.92775
96645,2023-11-28 00:00:00+00:00,111.66,-2.73,80.00832686447698,79.750694
96651,2023-11-28 00:00:00+00:00,112.93,-2.55,72.37020517272384,72.01234
96653,2023-11-28 00:00:00+00:00,114.9,-1.67,69.0400660731947,69.16793
96655,2023-11-28 00:00:00+00:00,113.95,-2.22,69.85752343509044,69.779526
96595,2023-11-29 00:00:00+00:00,114.53,-0.56,81.10777280116254,81.1419
96645,2023-11-29 00:00:00+00:00,111.66,-2.73,84.79048672949062,84.793015
96651,2023-11-29 00:00:00+00:00,112.93,-2.55,82.35993625575125,82.32508
96653,2023-11-29 00:00:00+00:00,114.9,-1.67,82.32408580194966,82.29779
96655,2023-11-29 00:00:00+00:00,113.95,-2.22,82.90636619696717,82.90733
96595,2023-11-30 00:00:00+00:00,114.53,-0.56,83.15257085078574,83.33973
96645,2023-11-30 00:00:00+00:00,111.66,-2.73,74.59484803013498,74.06382
96651,2023-11-30 00:00:00+00:00,112.93,-2.55,58.13860117600862,58.067337
96653,2023-11-30 00:00:00+00:00,114.9,-1.67,85.82730985004683,85.80076
96655,2023-11-30 00:00:00+00:00,113.95,-2.22,85.13509453843494,85.01749
96595,2023-12-01 00:00:00+00:00,114.53,-0.56,61.941313073910216,62.006542
96645,2023-12-01 00:00:00+00:00,111.66,-2.73,78.67751107506675,78.69649
96651,2023-12-01 00:00:00+00:00,112.93,-2.55,69.54073134797672,69.49808
96653,2023-12-01 00:00:00+00:00,114.9,-1.67,65.78140295168541,65.77054
96655,2023-12-01 00:00:00+00:00,113.95,-2.22,70.55658799465611,70.57126
96595,2023-12-02 00:00:00+00:00,114.53,-0.56,58.5796621717553,58.85424
96645,2023-12-02 00:00:00+00:00,111.66,-2.73,74.19614398884303,74.16195
96651,2023-12-02 00:00:00+00:00,112.93,-2.55,72.70252922843348,72.39249
96653,2023-12-02 00:00:00+00:00,114.9,-1.67,67.7530998404403,67.90928
96655,2023-12-02 00:00:00+00:00,113.95,-2.22,81.08558469900919,81.084755
96595,2023-12-03 00:00:00+00:00,114.53,-0.56,80.17783871148458,80.156265
96645,2023-12-03 00:00:00+00:00,111.66,-2.73,68.6980066350238,68.62854
96651,2023-12-03 00:00:00+00:00,112.93,-2.55,66.79602975453291,66.71321
96653,2023-12-03 00:00:00+00:00,114.9,-1.67,68.18128976264579,68.28696
96655,2023-12-03 00:00:00+00:00,113.95,-2.22,85.55812457141958,85.50612
96595,2023-12-04 00:00:00+00:00,114.53,-0.56,61.38402647674216,61.353687
96645,2023-12-04 00:00:00+00:00,111.66,-2.73,72.18335498042896,72.30735
96651,2023-12-04 00:00:00+00:00,112.93,-2.55,50.59709081712216,50.66056
96653,2023-12-04 00:00:00+00:00,114.9,-1.67,80.30003788099759,80.279106
96655,2023-12-04 00:00:00+00:00,113.95,-2.22,58.332958343417374,58.33128
96595,2023-12-05 00:00:00+00:00,114.53,-0.56,60.68527735928298,60.758877
96645,2023-12-05 00:00:00+00:00,111.66,-2.73,83.3048106033486,83.20471
96651,2023-12-05 00:00:00+00:00,112.93,-2.55,78.0525144140695,78.11824
96653,2023-12-05 00:00:00+00:00,114.9,-1.67,85.47851366745988,85.510376
96655,2023-12-05 00:00:00+00:00,113.95,-2.22,82.91045474273493,82.98792
96595,2023-12-06 00:00:00+00:00,114.53,-0.56,64.65966438473156,64.54826
96645,2023-12-06 00:00:00+00:00,111.66,-2.73,76.31723390929118,76.4632
96651,2023-12-06 00:00:00+00:00,112.93,-2.55,66.64786087253059,66.70485
96653,2023-12-06 00:00:00+00:00,114.9,-1.67,68.61895336240929,68.665474
96655,2023-12-06 00:00:00+00:00,113.95,-2.22,73.07918187616633,73.18143
96595,2023-12-07 00:00:00+00:00,114.53,-0.56,69.45015924029612,69.42342
96645,2023-12-07 00:00:00+00:00,111.66,-2.73,53.43198951901849,53.463978
96651,2023-12-07 00:00:00+00:00,112.93,-2.55,64.83944334592628,65.08232
96653,2023-12-07 00:00:00+00:00,114.9,-1.67,70.79106330394922,70.73285
96655,2023-12-07 00:00:00+00:00,113.95,-2.22,65.0954083429593,65.11472
96595,2023-12-08 00:00:00+00:00,114.53,-0.56,81.53495643425748,81.527214
96645,2023-12-08 00:00:00+00:00,111.66,-2.73,79.18202840344257,79.37478
96651,2023-12-08 00:00:00+00:00,112.93,-2.55,82.22851833162586,82.20446
96653,2023-12-08 00:00:00+00:00,114.9,-1.67,79.89491218354576,79.740135
96655,2023-12-08 00:00:00+00:00,113.95,-2.22,82.94906219643056,82.93517
96595,2023-12-09 00:00:00+00:00,114.53,-0.56,61.62022522250004,61.947895
96645,2023-12-09 00:00:00+00:00,111.66,-2.73,67.9626982978701,67.8362
96651,2023-12-09 00:00:00+00:00,112.93,-2.55,80.75454508224962,80.82359
96653,2023-12-09 00:00:00+00:00,114.9,-1.67,68.22482913482814,68.24034
96655,2023-12-09 00:00:00+00:00,113.95,-2.22,71.6146555622828,71.66578
96595,2023-12-10 00:00:00+00:00,114.53,-0.56,77.7118599212782,77.773224
96645,2023-12-10 00:00:00+00:00,111.66,-2.73,62.15902406836939,62.30295
96651,2023-12-10 00:00:00+00:00,112.93,-2.55,69.21709866302317,69.30002
96653,2023-12-10 00:00:00+00:00,114.9,-1.67,72.05201114201591,72.236145
96655,2023-12-10 00:00:00+00:00,113.95,-2.22,67.46615126789672,67.57932
96595,2023-12-11 00:00:00+00:00,114.53,-0.56,82.91869181837401,82.894424
96645,2023-12-11 00:00:00+00:00,111.66,-2.73,82.2485279665657,82.21109
96651,2023-12-11 00:00:00+00:00,112.93,-2.55,81.59545490297484,81.58038
96653,2023-12-11 00:00:00+00:00,114.9,-1.67,83.52040880227563,83.467155
96655,2023-12-11 00:00:00+00:00,113.95,-2.22,82.68097539682935,82.895744
96595,2023-12-12 00:00:00+00:00,114.53,-0.56,68.07443115566637,68.258415
96645,2023-12-12 00:00:00+00:00,111.66,-2.73,84.23593604061169,84.05107
96651,2023-12-12 00:00:00+00:00,112.93,-2.55,68.1530197496937,68.289055
96653,2023-12-12 00:00:00+00:00,114.9,-1.67,70.09628393077325,70.12663
96655,2023-12-12 00:00:00+00:00,113.95,-2.22,85.29454372546891,85.19155
96595,2023-12-13 00:00:00+00:00,114.53,-0.56,69.75760064118141,69.86886
96645,2023-12-13 00:00:00+00:00,111.66,-2.73,84.06038630703252,84.98448
96651,2023-12-13 00:00:00+00:00,112.93,-2.55,78.35077862348156,78.49599
96653,2023-12-13 00:00:00+00:00,114.9,-1.67,79.85348620127718,79.939095
96655,2023-12-13 00:00:00+00:00,113.95,-2.22,72.19396476716457,72.18832
96595,2023-12-14 00:00:00+00:00,114.53,-0.56,66.54162734926702,66.51531
96645,2023-12-14 00:00:00+00:00,111.66,-2.73,83.47947166703067,83.6297
96651,2023-12-14 00:00:00+00:00,112.93,-2.55,75.37795466462251,75.4181
96653,2023-12-14 00:00:00+00:00,114.9,-1.67,67.12651137493891,67.128494
96655,2023-12-14 00:00:00+00:00,113.95,-2.22,66.70948446424228,66.64737
96595,2023-12-15 00:00:00+00:00,114.53,-0.56,79.744446729696,79.40799
96645,2023-12-15 00:00:00+00:00,111.66,-2.73,85.48968376159773,84.9155
96651,2023-12-15 00:00:00+00:00,112.93,-2.55,62.42384179668117,62.56122
96653,2023-12-15 00:00:00+00:00,114.9,-1.67,58.25475185346342,58.15522
96655,2023-12-15 00:00:00+00:00,113.95,-2.22,76.6742075924143,76.72388
96595,2023-12-16 00:00:00+00:00,114.53,-0.56,63.051759765421,62.806282
96645,2023-12-16 00:00:00+00:00,111.66,-2.73,85.28722711398778,85.7943
96651,2023-12-16 00:00:00+00:00,112.93,-2.55,81.19749690489668,81.13218
96653,2023-12-16 00:00:00+00:00,114.9,-1.67,82.36417007958742,82.54219
96655,2023-12-16 00:00:00+00:00,113.95,-2.22,83.19376982102459,83.104515
96595,2023-12-17 00:00:00+00:00,114.53,-0.56,78.84148927680634,79.070274
96645,2023-12-17 00:00:00+00:00,111.66,-2.73,84.07240873110189,84.04438
96651,2023-12-17 00:00:00+00:00,112.93,-2.55,82.80480793758595,82.34777
96653,2023-12-17 00:00:00+00:00,114.9,-1.67,78.33493591553848,78.05337
96655,2023-12-17 00:00:00+00:00,113.95,-2.22,57.56248201685848,57.95523
96595,2023-12-18 00:00:00+00:00,114.53,-0.56,59.051147458503706,59.206196
96645,2023-12-18 00:00:00+00:00,111.66,-2.73,67.49933027071785,67.50323
96651,2023-12-18 00:00:00+00:00,112.93,-2.55,60.640205775053744,60.658016
96653,2023-12-18 00:00:00+00:00,114.9,-1.67,83.6538611031206,84.01353
96655,2023-12-18 00:00:00+00:00,113.95,-2.22,81.16650798627671,81.418465
96595,2023-12-19 00:00:00+00:00,114.53,-0.56,76.78685461228642,76.89419
96645,2023-12-19 00:00:00+00:00,111.66,-2.73,81.6491607428914,81.59251
96651,2023-12-19 00:00:00+00:00,112.93,-2.55,52.35389494111323,52.49323
96653,2023-12-19 00:00:00+00:00,114.9,-1.67,65.94354370539615,66.05448
96655,2023-12-19 00:00:00+00:00,113.95,-2.22,84.60682924726078,84.52614
96595,2023-12-20 00:00:00+00:00,114.53,-0.56,64.1133845077009,64.18201
96645,2023-12-20 00:00:00+00:00,111.66,-2.73,84.38884666300497,84.25289
96651,2023-12-20 00:00:00+00:00,112.93,-2.55,66.33756815483518,67.21303
96653,2023-12-20 00:00:00+00:00,114.9,-1.67,80.32043517629111,80.197426
96655,2023-12-20 00:00:00+00:00,113.95,-2.22,69.99917092230164,70.00811
96595,2023-12-21 00:00:00+00:00,114.53,-0.56,62.4794564039204,62.595753
96645,2023-12-21 00:00:00+00:00,111.66,-2.73,83.95055188215399,84.35923
96651,2023-12-21 00:00:00+00:00,112.93,-2.55,82.3459099875738,82.37232
96653,2023-12-21 00:00:00+00:00,114.9,-1.67,67.18503607680151,67.12437
96655,2023-12-21 00:00:00+00:00,113.95,-2.22,81.93044920584894,81.81179
96595,2023-12-22 00:00:00+00:00,114.53,-0.56,80.90614983918967,80.935936
96645,2023-12-22 00:00:00+00:00,111.66,-2.73,56.41092852814215,56.167465
96651,2023-12-22 00:00:00+00:00,112.93,-2.55,84.34663399316635,84.126785
96653,2023-12-22 00:00:00+00:00,114.9,-1.67,84.75998200643058,84.70457
96655,2023-12-22 00:00:00+00:00,113.95,-2.22,85.60058680451557,85.62698
96595,2023-12-23 00:00:00+00:00,114.53,-0.56,83.48144666933489,83.12145
96645,2023-12-23 00:00:00+00:00,111.66,-2.73,77.7943312554615,78.133575
96651,2023-12-23 00:00:00+00:00,112.93,-2.55,74.86766276449897,74.57142
96653,2023-12-23 00:00:00+00:00,114.9,-1.67,83.4339376615735,83.730034
96655,2023-12-23 00:00:00+00:00,113.95,-2.22,71.26652883666887,71.00017
96595,2023-12-24 00:00:00+00:00,114.53,-0.56,73.6217216282052,73.62926
96645,2023-12-24 00:00:00+00:00,111.66,-2.73,66.24810211828603,66.308716
96651,2023-12-24 00:00:00+00:00,112.93,-2.55,64.56644215692454,64.64905
96653,2023-12-24 00:00:00+00:00,114.9,-1.67,71.51648207077093,71.48314
96655,2023-12-24 00:00:00+00:00,113.95,-2.22,70.65074157038984,70.76584
96595,2023-12-25 00:00:00+00:00,114.53,-0.56,81.43015614862611,81.30836
96645,2023-12-25 00:00:00+00:00,111.66,-2.73,71.66481036113852,71.73312
96651,2023-12-25 00:00:00+00:00,112.93,-2.55,62.363059844880425,62.403942
96653,2023-12-25 00:00:00+00:00,114.9,-1.67,71.73415410909354,71.60911
96655,2023-12-25 00:00:00+00:00,113.95,-2.22,66.65534041462095,66.92161
96595,2023-12-26 00:00:00+00:00,114.53,-0.56,84.56998969324745,84.4697
96645,2023-12-26 00:00:00+00:00,111.66,-2.73,70.17508861795402,70.25565
96651,2023-12-26 00:00:00+00:00,112.93,-2.55,80.68011391435918,80.692345
96653,2023-12-26 00:00:00+00:00,114.9,-1.67,79.76620201662224,79.27128
96655,2023-12-26 00:00:00+00:00,113.95,-2.22,83.31545483450546,83.243614
96595,2023-12-27 00:00:00+00:00,114.53,-0.56,78.67170213752385,78.50032
96645,2023-12-27 00:00:00+00:00,111.66,-2.73,81.85664550859767,81.82832
96651,2023-12-27 00:00:00+00:00,112.93,-2.55,83.3029394817046,83.14359
96653,2023-12-27 00:00:00+00:00,114.9,-1.67,69.28088659168885,69.27283
96655,2023-12-27 00:00:00+00:00,113.95,-2.22,66.05892970523367,66.2176
96595,2023-12-28 00:00:00+00:00,114.53,-0.56,73.79599745434876,73.946144
96645,2023-12-28 00:00:00+00:00,111.66,-2.73,70.21008549144995,70.13969
96651,2023-12-28 00:00:00+00:00,112.93,-2.55,65.21220780555902,65.24493
96653,2023-12-28 00:00:00+00:00,114.9,-1.67,63.54496299028268,63.619633
96655,2023-12-28 00:00:00+00:00,113.95,-2.22,82.07582487273777,82.18603
96595,2023-12-29 00:00:00+00:00,114.53,-0.56,84.15788577698417,84.80509
96645,2023-12-29 00:00:00+00:00,111.66,-2.73,72.02236025916935,71.9526
96651,2023-12-29 00:00:00+00:00,112.93,-2.55,64.98083660495888,64.92141
96653,2023-12-29 00:00:00+00:00,114.9,-1.67,83.33857459725931,83.43799
96655,2023-12-29 00:00:00+00:00,113.95,-2.22,72.55115178776161,72.45655
96595,2023-12-30 00:00:00+00:00,114.53,-0.56,60.27060890756538,60.26309
96645,2023-12-30 00:00:00+00:00,111.66,-2.73,82.05245229751347,82.12662
96651,2023-12-30 00:00:00+00:00,112.93,-2.55,80.7108567354805,80.5843
96653,2023-12-30 00:00:00+00:00,114.9,-1.67,67.6740977004517,67.609856
96655,2023-12-30 00:00:00+00:00,113.95,-2.22,79.36306375307984,79.46402
96595,2023-12-31 00:00:00+00:00,114.53,-0.56,74.91647548149984,74.949554
96645,2023-12-31 00:00:00+00:00,111.66,-2.73,60.21227978450635,60.22573
96651,2023-12-31 00:00:00+00:00,112.93,-2.55,62.17350609448234,62.40056
96653,2023-12-31 00:00:00+00:00,114.9,-1.67,71.69162208824741,71.58781
96655,2023-12-31 00:00:00+00:00,113.95,-2.22,82.04569437197577,81.840324
